STATES,YEAR,JAN,FEB,MAR,APR,MAY,JUN,JUL,AUG,SEP,OCT,NOV,DEC,ANNUAL
ANDAMAN & NICOBAR ISLANDS,2000,53.0,59.0,171.3,218.1,422.8,357.0,176.3,460.8,250.1,321.2,158.3,115.2,2763.2
ANDAMAN & NICOBAR ISLANDS,2001,89.0,15.7,143.3,30.1,705.3,370.7,341.3,469.0,334.4,267.6,222.6,91.8,3080.9
ANDAMAN & NICOBAR ISLANDS,2002,10.6,0.0,11.5,100.2,366.7,358.3,317.4,429.8,420.0,169.0,306.7,129.9,2620.2
ANDAMAN & NICOBAR ISLANDS,2003,44.3,7.9,149.2,19.4,296.3,159.9,494.9,379.4,371.9,310.4,74.1,48.0,2355.9
ANDAMAN & NICOBAR ISLANDS,2004,54.5,35.9,36.5,41.6,505.1,423.9,378.9,308.7,280.7,223.9,169.9,0.4,2460.1
ANDAMAN & NICOBAR ISLANDS,2005,0.0,0.0,20.3,51.1,305.3,452.4,429.3,311.1,507.5,293.5,300.1,283.9,2954.7
ANDAMAN & NICOBAR ISLANDS,2006,16.3,14.4,48.9,163.7,321.4,366.0,182.7,219.6,546.5,374.7,76.1,74.4,2404.7
ANDAMAN & NICOBAR ISLANDS,2007,4.9,1.6,5.0,54.6,370.0,378.3,463.2,465.3,486.4,209.4,223.9,85.6,2748.0
ANDAMAN & NICOBAR ISLANDS,2008,9.9,67.7,115.8,216.1,545.5,457.8,511.2,482.1,332.0,243.7,321.1,72.0,3374.8
ANDAMAN & NICOBAR ISLANDS,2009,24.5,6.3,44.2,136.5,313.1,633.5,297.3,351.5,344.7,272.8,66.2,48.0,2538.6
ANDAMAN & NICOBAR ISLANDS,2010,101.7,8.0,0.7,12.5,319.0,448.9,521.9,563.8,263.3,402.4,268.5,246.4,3157.1
ANDAMAN & NICOBAR ISLANDS,2011,265.9,84.8,272.8,111.4,326.5,383.2,583.2,441.5,757.1,212.3,150.8,238.5,3828.0
ANDAMAN & NICOBAR ISLANDS,2012,119.9,45.6,30.9,55.8,533.9,458.2,317.3,369.6,868.9,209.7,300.5,187.3,3497.6
ANDAMAN & NICOBAR ISLANDS,2013,67.1,37.6,43.0,46.3,509.3,777.0,564.8,336.7,473.6,455.8,354.2,92.3,3757.8
ANDAMAN & NICOBAR ISLANDS,2014,41.9,8.6,0.0,11.1,238.0,416.6,467.6,321.6,412.9,402.6,201.2,100.4,2622.4
ANDAMAN & NICOBAR ISLANDS,2015,126.8,7.6,3.1,138.2,331.9,346.4,328.9,480.0,523.3,252.1,236.3,129.9,2904.6
ANDHRA PRADESH,2000,0.05,38.349999999999994,0.44999999999999996,20.6,71.1,146.6,124.4,276.5,102.9,102.14999999999999,24.150000000000002,24.55,931.8
ANDHRA PRADESH,2001,6.15,1.9,13.25,61.150000000000006,37.65,70.6,96.55,133.25,191.35,274.25,59.85,21.1,966.9
ANDHRA PRADESH,2002,26.8,1.6,7.5,26.15,45.0,103.0,58.8,121.65,74.95,158.1,29.25,6.45,659.2
ANDHRA PRADESH,2003,3.1,10.35,33.400000000000006,17.2,8.149999999999999,80.7,212.55,137.35000000000002,127.55,213.9,11.6,55.349999999999994,911.15
ANDHRA PRADESH,2004,17.1,7.85,12.25,37.6,103.64999999999999,96.30000000000001,157.5,74.05,127.69999999999999,136.15,37.5,0.1,807.6500000000001
ANDHRA PRADESH,2005,7.45,10.8,16.049999999999997,35.35,48.4,69.65,142.35,106.25,262.85,301.4,100.5,42.95,1144.0
ANDHRA PRADESH,2006,0.1,0.0,31.75,33.85,65.15,108.9,85.0,175.85,184.39999999999998,136.9,66.94999999999999,10.0,898.8499999999999
ANDHRA PRADESH,2007,0.0,2.8,0.1,7.25,14.05,254.15,112.4,175.65,236.55,172.3,23.599999999999998,41.15,1039.9
ANDHRA PRADESH,2008,4.800000000000001,40.15,78.35,11.3,38.5,75.75,144.95,190.55,144.25,88.8,131.75,3.5500000000000003,952.75
ANDHRA PRADESH,2009,0.25,0.0,5.5,7.4,50.2,70.75,87.05000000000001,146.0,153.85000000000002,80.94999999999999,119.1,18.349999999999998,739.35
ANDHRA PRADESH,2010,13.25,1.5499999999999998,2.5,13.9,113.7,132.2,253.25,201.8,176.7,143.7,193.0,92.44999999999999,1337.95
ANDHRA PRADESH,2011,0.4,15.0,0.45,48.45,50.45,65.65,162.45,189.7,100.44999999999999,91.05,55.900000000000006,20.05,799.95
ANDHRA PRADESH,2012,20.150000000000002,0.0,2.6,28.35,39.05,71.2,180.8,170.6,158.0,126.85,188.14999999999998,30.95,1016.7
ANDHRA PRADESH,2013,1.65,30.1,5.85,37.4,33.55,100.65,129.05,116.69999999999999,147.6,290.4,45.85,2.7,941.55
ANDHRA PRADESH,2014,0.30000000000000004,0.95,10.8,5.55,79.80000000000001,56.0,110.25,146.45,112.95,150.1,30.75,9.600000000000001,713.3499999999999
ANDHRA PRADESH,2015,1.95,0.3,9.45,52.85,36.900000000000006,178.4,79.55,157.8,169.05,83.2,232.5,27.1,1029.0
ARUNACHAL PRADESH,2000,54.1,47.1,139.9,293.8,267.2,459.8,395.4,387.4,407.4,81.3,53.9,9.6,2596.8
ARUNACHAL PRADESH,2001,53.1,66.6,134.9,229.9,195.6,277.2,302.6,279.9,288.1,173.8,19.3,14.9,2036.0
ARUNACHAL PRADESH,2002,74.2,37.2,126.3,248.2,197.1,396.8,604.0,290.7,257.9,94.0,45.0,17.9,2389.2
ARUNACHAL PRADESH,2003,22.9,83.2,109.6,182.0,173.5,424.3,645.3,327.2,259.9,182.6,25.0,16.2,2451.8
ARUNACHAL PRADESH,2004,38.0,39.1,175.5,210.2,298.7,402.9,654.3,243.0,278.5,184.8,5.6,15.2,2545.7
ARUNACHAL PRADESH,2005,48.4,167.6,229.5,195.3,179.8,269.3,430.8,400.0,243.6,139.3,28.6,3.3,2335.5
ARUNACHAL PRADESH,2006,6.0,103.7,63.3,202.7,321.7,520.4,382.2,227.6,263.2,77.2,69.7,21.7,2259.6
ARUNACHAL PRADESH,2007,13.4,97.4,48.1,292.4,250.4,530.2,761.0,364.6,529.3,102.6,24.3,6.9,3020.7
ARUNACHAL PRADESH,2008,76.7,39.7,122.6,192.4,185.0,423.6,456.1,439.3,189.7,115.1,1.7,2.6,2244.4
ARUNACHAL PRADESH,2009,18.0,92.8,72.1,132.7,189.9,259.1,329.9,370.3,152.5,82.9,33.9,15.9,1749.9
ARUNACHAL PRADESH,2010,0.6,13.2,237.8,466.9,312.7,509.9,378.0,321.5,444.2,97.7,58.9,14.2,2855.7
ARUNACHAL PRADESH,2011,40.0,51.3,174.5,240.8,219.6,288.4,531.4,277.6,286.7,51.9,16.2,15.2,2193.7
ARUNACHAL PRADESH,2012,57.8,35.8,134.2,403.4,187.4,645.8,638.9,316.0,724.9,248.1,22.0,26.2,3440.3
ARUNACHAL PRADESH,2013,18.5,40.5,115.1,175.1,335.8,290.0,329.6,230.2,316.1,164.1,13.3,14.6,2042.9
ARUNACHAL PRADESH,2014,19.0,101.9,80.3,86.7,299.0,415.8,392.4,599.6,343.0,35.1,20.1,10.2,2403.2
ARUNACHAL PRADESH,2015,30.8,47.5,97.5,287.1,238.9,637.9,329.3,595.5,374.2,65.2,33.8,29.8,2767.5
BIHAR,2000,0.5,12.1,3.6,37.2,96.2,267.2,264.3,201.4,314.8,9.6,0.0,0.1,1207.0
BIHAR,2001,1.0,0.5,3.0,12.6,98.4,224.4,224.7,225.9,274.8,181.3,0.5,0.0,1247.0
BIHAR,2002,13.4,11.3,2.2,25.0,74.8,116.6,386.1,247.7,192.8,33.8,1.4,0.7,1105.8
BIHAR,2003,13.2,39.7,10.2,21.9,41.4,230.9,356.8,310.6,183.9,142.0,0.2,3.0,1353.9
BIHAR,2004,22.7,2.1,2.2,32.0,72.7,246.8,418.4,175.9,115.3,56.4,3.1,0.0,1147.8
BIHAR,2005,13.9,14.3,12.1,7.7,28.6,82.5,300.0,309.1,105.1,34.3,0.0,0.2,907.8
BIHAR,2006,0.1,0.0,1.9,19.2,73.2,200.0,290.7,160.4,285.2,17.6,2.9,1.6,1052.8
BIHAR,2007,0.2,34.2,25.4,20.3,94.4,170.4,549.4,340.6,309.0,39.6,9.1,7.5,1600.2
BIHAR,2008,25.6,4.4,3.2,10.4,48.9,291.2,397.2,278.1,117.1,21.4,0.1,0.0,1197.7
BIHAR,2009,0.3,0.4,1.1,2.9,98.5,67.7,213.6,298.9,127.6,72.6,5.1,0.8,889.3
BIHAR,2010,0.1,1.1,0.2,6.5,44.4,80.9,191.2,158.4,105.7,33.6,5.0,2.1,629.2
BIHAR,2011,4.2,7.7,9.2,23.9,74.5,211.0,241.1,278.7,234.1,10.0,2.0,0.9,1097.1
BIHAR,2012,18.1,2.7,7.3,20.4,18.8,96.2,354.0,240.4,233.8,34.3,6.4,0.0,1032.4
BIHAR,2013,5.1,22.6,0.6,32.3,89.5,183.3,182.0,213.6,143.3,197.1,0.4,0.0,1069.9
BIHAR,2014,17.0,33.5,8.4,0.7,103.9,115.2,265.4,307.6,160.3,47.8,0.0,1.2,1061.0
BIHAR,2015,12.8,1.8,27.2,38.7,39.5,122.1,231.5,287.0,101.7,10.4,0.0,0.0,872.7
CHHATTISGARH,2000,2.6,0.0,0.6,1.5,9.3,180.7,322.4,215.6,169.1,4.3,0.2,0.1,906.3
CHHATTISGARH,2001,0.8,0.3,14.6,17.6,16.6,339.4,630.6,380.3,108.4,86.9,4.6,0.0,1600.1
CHHATTISGARH,2002,41.5,4.9,12.2,3.3,32.1,196.3,138.4,352.4,122.3,57.8,13.3,15.9,990.2
CHHATTISGARH,2003,3.7,17.7,12.1,2.6,0.7,128.7,446.6,519.7,384.1,157.6,5.8,14.9,1694.3
CHHATTISGARH,2004,37.8,16.7,3.1,21.2,6.8,213.1,323.1,351.7,126.5,43.9,0.7,0.1,1144.5
CHHATTISGARH,2005,57.6,15.6,6.1,6.5,16.4,197.0,393.8,267.7,240.5,83.5,1.6,1.0,1287.2
CHHATTISGARH,2006,2.7,0.0,26.2,17.2,23.5,92.2,495.1,447.2,184.6,13.3,15.1,0.7,1317.7
CHHATTISGARH,2007,0.0,15.7,6.2,11.4,10.4,259.4,309.9,338.8,259.1,67.8,2.0,0.5,1281.2
CHHATTISGARH,2008,6.7,9.7,22.2,11.2,9.5,236.4,280.5,305.1,215.4,10.7,1.2,0.0,1108.5
CHHATTISGARH,2009,1.2,0.0,2.3,1.9,11.2,45.3,455.0,247.1,104.7,43.6,42.5,1.9,956.6
CHHATTISGARH,2010,7.9,4.9,1.0,5.9,12.6,102.6,426.8,340.3,302.5,54.3,20.2,27.6,1306.6
CHHATTISGARH,2011,0.3,11.5,2.6,35.0,16.8,183.5,272.6,379.8,382.2,15.5,0.0,2.8,1302.7
CHHATTISGARH,2012,36.6,4.8,1.1,14.9,9.4,147.3,430.6,442.2,245.3,19.8,20.4,5.0,1377.4
CHHATTISGARH,2013,2.8,19.7,4.9,45.8,5.7,263.6,418.8,336.6,140.9,180.9,0.3,0.0,1420.0
CHHATTISGARH,2014,2.3,29.0,21.4,17.3,25.0,104.9,416.7,327.7,252.7,77.9,2.6,1.1,1278.7
CHHATTISGARH,2015,15.8,1.2,21.2,37.0,13.0,257.6,248.6,286.6,216.9,17.7,0.6,1.5,1117.6
GOA,2000,1.2,0.0,0.0,0.9,190.3,739.4,1200.4,789.5,111.9,91.8,1.6,6.2,3133.2
GOA,2001,5.6,0.0,0.0,2.8,59.6,540.1,873.4,611.3,207.9,91.6,3.1,0.0,2395.4
GOA,2002,0.0,0.0,0.1,2.8,9.4,942.0,452.8,834.5,217.1,75.3,3.0,0.3,2537.2
GOA,2003,0.5,0.6,0.8,1.2,11.2,865.3,1013.9,593.7,298.7,54.4,1.9,0.0,2842.3
GOA,2004,0.0,0.0,0.0,10.4,46.9,678.6,902.3,1011.5,293.3,32.9,10.2,0.0,2985.9
GOA,2005,1.3,0.1,1.9,4.0,9.8,730.2,1340.9,772.2,678.8,76.5,0.0,0.1,3615.7
GOA,2006,0.0,0.0,9.9,0.0,211.8,683.1,1066.2,886.4,399.9,202.4,22.5,0.0,3482.2
GOA,2007,0.0,0.0,0.1,3.3,33.4,939.3,841.3,980.2,609.0,45.6,16.0,0.1,3468.5
GOA,2008,0.0,0.1,31.5,0.3,11.1,798.5,766.6,833.1,551.2,57.3,0.9,2.4,3053.1
GOA,2009,0.0,0.0,0.3,0.1,5.6,330.6,1271.2,292.9,387.5,307.4,121.0,0.0,2716.6
GOA,2010,2.7,0.0,0.0,1.5,8.2,680.8,1405.3,850.0,531.3,190.2,106.7,1.4,3778.1
GOA,2011,0.0,0.0,0.0,3.4,1.1,857.0,1384.1,987.9,468.3,120.3,3.1,0.0,3825.2
GOA,2012,0.0,0.0,0.0,0.6,1.1,633.0,928.5,762.5,515.3,175.1,2.3,0.0,3018.4
GOA,2013,1.8,5.4,0.1,0.1,18.5,1028.3,1478.5,497.6,340.7,149.3,2.1,1.5,3524.0
GOA,2014,1.3,5.3,1.8,0.7,21.3,238.2,1293.2,658.0,419.5,98.7,8.0,11.7,2757.5
GOA,2015,2.7,0.0,36.8,3.6,11.3,764.0,526.5,377.3,240.9,91.4,27.3,0.0,2082.0
GUJARAT,2000,0.0,0.05,0.0,0.0,19.5,34.15,262.9,89.6,9.0,1.2000000000000002,0.0,1.85,418.35
GUJARAT,2001,3.05,0.0,0.0,0.2,1.5,194.9,255.55,186.85000000000002,19.200000000000003,18.25,0.1,0.0,679.6
GUJARAT,2002,2.05,0.0,0.05,0.0,0.0,200.3,26.9,178.0,64.4,0.4,0.15000000000000002,0.35,472.65000000000003
GUJARAT,2003,0.0,3.25,0.05,0.0,0.0,138.75,460.45000000000005,252.65,65.6,2.45,0.0,0.0,923.25
GUJARAT,2004,0.1,0.0,0.0,0.0,9.0,115.25,164.1,390.70000000000005,43.95,20.95,0.0,0.0,744.0
GUJARAT,2005,0.0,0.0,0.0,0.1,0.25,284.25,252.7,148.9,286.15,1.5499999999999998,0.0,0.0,974.0
GUJARAT,2006,0.0,0.0,1.35,0.0,0.1,94.85,474.7,407.29999999999995,104.4,5.3,1.5999999999999999,0.3,1089.9
GUJARAT,2007,0.05,1.15,0.05,0.0,0.25,104.05,388.5,375.5,163.2,0.85,1.2999999999999998,0.0,1034.8000000000002
GUJARAT,2008,0.05,0.05,0.05,1.8,0.05,77.1,206.1,242.3,217.95,8.7,0.35,5.0,759.5
GUJARAT,2009,0.0,0.0,0.15,0.0,0.0,42.55,399.70000000000005,124.75,31.85,15.35,4.8,0.0,619.25
GUJARAT,2010,0.15000000000000002,0.0,0.0,0.0,0.05,65.19999999999999,361.0,411.15,202.1,11.899999999999999,52.65,0.1,1104.3000000000002
GUJARAT,2011,0.0,0.7999999999999999,0.0,0.0,0.0,21.15,235.95,371.29999999999995,186.3,0.8,0.05,0.0,816.5
GUJARAT,2012,0.05,0.0,0.0,0.1,0.05,28.4,106.44999999999999,132.4,246.15,4.75,0.0,0.5,518.9
GUJARAT,2013,0.85,0.55,0.1,6.55,0.05,141.7,288.29999999999995,147.2,273.75,40.900000000000006,0.05,0.0,900.1999999999999
GUJARAT,2014,3.0,0.05,0.15000000000000002,0.75,1.7000000000000002,14.45,222.6,128.7,167.15,4.25,2.0,0.0,544.8
GUJARAT,2015,1.35,0.0,5.25,3.8,0.8500000000000001,116.65,290.7,24.0,86.65,2.75,0.3,0.0,532.3
HARYANA,2000,17.1,29.1,1.4,1.3,22.8,58.9,146.8,87.9,17.5,0.0,0.4,1.2,384.4
HARYANA,2001,17.8,5.2,7.2,19.8,47.8,117.2,145.2,103.5,10.3,11.1,0.1,0.2,485.5
HARYANA,2002,11.6,31.1,9.0,1.1,52.0,21.2,19.4,78.2,123.0,1.9,0.0,8.8,357.2
HARYANA,2003,14.7,29.9,4.0,1.8,7.5,26.6,277.6,165.3,58.9,0.0,0.1,11.0,597.6
HARYANA,2004,25.4,0.3,0.0,18.1,40.7,52.5,19.9,252.9,22.1,54.1,0.0,1.2,487.3
HARYANA,2005,13.9,35.7,29.9,2.7,7.6,53.9,175.6,52.6,146.7,0.0,0.8,0.0,519.5
HARYANA,2006,2.3,0.1,30.4,0.6,24.8,45.4,135.2,32.1,49.9,3.8,1.2,5.2,330.9
HARYANA,2007,0.5,76.0,40.1,2.0,12.4,88.7,82.0,87.9,55.2,0.1,0.3,1.4,446.6
HARYANA,2008,2.4,0.4,0.6,13.4,72.9,193.5,124.3,174.2,114.5,8.4,5.5,0.2,710.4
HARYANA,2009,4.1,5.9,5.7,11.7,17.7,15.2,106.4,63.8,160.8,2.5,1.1,0.4,395.4
HARYANA,2010,4.8,10.2,0.5,0.8,5.9,29.1,189.3,198.5,183.9,1.1,3.5,12.8,640.5
HARYANA,2011,0.7,26.7,6.9,8.9,28.7,94.4,85.0,127.3,133.1,0.0,0.0,0.4,512.0
HARYANA,2012,8.2,0.2,0.1,11.8,3.8,5.3,68.1,196.6,90.7,2.4,0.6,3.5,391.4
HARYANA,2013,21.1,52.2,5.3,3.3,1.4,62.1,96.5,161.9,42.8,10.9,1.7,2.1,461.2
HARYANA,2014,13.0,17.3,26.8,7.5,20.3,25.9,72.3,34.8,67.3,10.5,0.2,9.6,305.5
HARYANA,2015,12.4,6.6,71.8,34.8,8.4,43.7,130.3,89.2,32.1,3.7,2.3,0.2,435.3
HIMACHAL PRADESH,2000,118.2,119.0,68.1,25.6,79.9,198.0,265.1,126.7,50.1,0.0,10.5,6.9,1068.4
HIMACHAL PRADESH,2001,30.5,35.7,105.8,66.9,67.3,153.8,239.5,202.3,26.9,5.0,20.8,37.3,991.8
HIMACHAL PRADESH,2002,66.7,136.5,136.9,124.0,27.0,56.1,81.8,225.6,123.1,8.2,0.7,3.9,990.4
HIMACHAL PRADESH,2003,39.5,116.6,113.0,52.9,35.9,61.4,187.7,228.7,135.5,0.3,22.5,40.4,1034.5
HIMACHAL PRADESH,2004,86.2,43.0,5.9,54.7,57.6,76.1,141.3,202.5,47.6,104.7,9.3,49.4,878.5
HIMACHAL PRADESH,2005,147.8,222.9,143.3,35.2,52.4,52.6,317.2,114.2,156.3,1.8,0.3,4.5,1248.5
HIMACHAL PRADESH,2006,102.5,38.2,137.3,44.3,68.4,104.8,260.3,274.2,92.8,17.5,26.9,51.2,1218.4
HIMACHAL PRADESH,2007,1.3,121.0,177.0,9.6,39.3,155.7,155.2,234.3,85.7,18.7,1.0,35.6,1034.5
HIMACHAL PRADESH,2008,129.9,63.2,6.3,44.4,42.9,187.3,194.9,224.7,142.6,33.9,5.3,38.9,1114.2
HIMACHAL PRADESH,2009,54.8,45.9,43.4,91.2,53.5,45.5,170.2,162.6,172.1,16.4,93.1,7.8,956.5
HIMACHAL PRADESH,2010,25.5,96.6,45.1,60.3,81.4,108.5,291.8,274.1,176.7,30.5,10.8,58.1,1259.4
HIMACHAL PRADESH,2011,43.9,97.4,49.7,62.4,45.1,118.3,177.7,380.2,120.3,6.0,0.3,6.9,1108.3
HIMACHAL PRADESH,2012,92.3,51.3,28.4,55.9,9.4,31.1,241.5,280.6,133.1,3.1,3.2,21.8,951.6
HIMACHAL PRADESH,2013,79.9,182.6,76.6,28.9,32.6,233.6,208.8,240.0,65.8,21.8,16.6,24.8,1211.9
HIMACHAL PRADESH,2014,69.6,124.9,125.2,60.6,68.9,51.7,203.6,146.7,84.6,19.3,4.5,49.3,1008.7
HIMACHAL PRADESH,2015,67.2,156.6,192.5,84.9,45.0,85.8,249.9,195.9,75.5,17.7,14.5,25.0,1210.5
JAMMU & KASHMIR,2000,159.5,106.6,90.4,30.4,51.1,95.5,193.7,123.6,73.2,1.4,21.0,38.2,984.6
JAMMU & KASHMIR,2001,17.4,54.3,81.7,92.8,69.6,121.7,243.9,126.7,53.9,12.7,51.6,26.4,952.7
JAMMU & KASHMIR,2002,58.7,101.2,105.5,86.3,33.0,94.2,78.7,217.4,97.9,15.2,0.7,14.6,903.5
JAMMU & KASHMIR,2003,26.9,267.2,170.9,117.5,111.3,41.0,136.0,185.5,126.1,13.3,33.7,81.7,1311.1
JAMMU & KASHMIR,2004,176.0,70.6,21.2,118.9,87.5,95.2,118.0,77.9,40.5,73.3,23.3,42.4,944.9
JAMMU & KASHMIR,2005,296.0,403.5,189.7,64.9,92.0,41.6,440.3,77.7,50.0,14.6,21.8,0.5,1692.7
JAMMU & KASHMIR,2006,200.3,92.3,96.8,34.4,43.8,74.3,209.0,331.5,203.0,46.2,72.5,115.8,1519.8
JAMMU & KASHMIR,2007,12.3,116.7,259.3,15.0,65.6,143.9,132.4,196.8,33.0,1.6,0.0,47.0,1023.5
JAMMU & KASHMIR,2008,153.5,130.8,9.9,97.7,63.3,134.9,266.3,166.0,44.7,42.4,25.2,89.8,1224.5
JAMMU & KASHMIR,2009,120.3,117.9,63.7,113.5,64.3,64.1,0.0,96.5,50.5,8.1,0.0,0.0,0.0
JAMMU & KASHMIR,2010,30.9,142.2,34.9,63.9,128.3,67.4,137.3,253.2,65.0,25.0,13.6,36.1,997.9
JAMMU & KASHMIR,2011,43.4,211.6,97.8,89.0,32.4,72.5,81.6,131.2,72.0,19.4,12.9,23.8,887.6
JAMMU & KASHMIR,2012,150.9,95.8,45.2,86.6,48.9,32.6,118.8,264.9,106.7,15.7,10.8,57.8,1034.7
JAMMU & KASHMIR,2013,52.2,136.4,41.9,47.4,47.4,80.5,125.1,219.1,41.2,34.4,13.4,20.3,859.3
JAMMU & KASHMIR,2014,75.8,64.0,153.1,76.1,52.7,25.3,100.5,134.6,362.8,32.2,14.1,2.3,1093.4
JAMMU & KASHMIR,2015,27.9,187.2,341.4,173.3,64.6,121.4,233.2,129.2,130.2,87.1,38.1,39.3,1572.8
JHARKHAND,2000,3.6,21.2,6.3,19.6,67.7,185.3,358.4,152.8,356.9,19.1,0.4,0.2,1191.5
JHARKHAND,2001,1.9,4.0,30.0,14.0,57.4,324.7,354.6,219.4,132.8,115.5,0.2,0.0,1254.4
JHARKHAND,2002,9.0,5.4,10.7,11.5,38.7,184.9,186.8,277.4,253.4,55.0,1.3,0.8,1034.9
JHARKHAND,2003,3.3,30.5,33.6,17.9,21.5,152.4,247.5,245.1,224.0,255.5,6.2,7.4,1245.0
JHARKHAND,2004,5.5,2.7,3.1,41.0,31.1,184.4,200.7,327.0,211.5,128.1,0.1,1.6,1136.6
JHARKHAND,2005,22.1,17.5,17.7,9.6,23.5,157.2,266.4,214.5,141.5,83.1,1.3,6.1,960.4
JHARKHAND,2006,0.3,0.2,22.4,15.7,107.4,198.3,447.1,337.2,298.7,24.6,7.4,0.0,1459.5
JHARKHAND,2007,1.7,48.4,25.5,22.3,58.1,125.4,430.4,353.6,324.7,39.6,7.6,0.0,1437.3
JHARKHAND,2008,19.4,3.6,6.2,10.7,42.9,366.3,377.9,310.5,152.9,34.0,1.0,0.0,1325.3
JHARKHAND,2009,1.8,0.8,2.0,0.8,78.1,62.7,266.6,248.0,248.8,82.2,4.0,0.5,996.1
JHARKHAND,2010,0.2,2.3,0.9,6.3,29.2,92.6,170.2,155.1,160.5,55.1,4.7,20.0,697.1
JHARKHAND,2011,3.3,2.5,6.4,25.4,55.0,349.0,181.8,403.2,324.6,23.3,0.0,0.1,1374.7
JHARKHAND,2012,34.6,10.3,1.5,9.6,6.6,121.1,287.2,282.4,217.6,37.8,48.6,7.6,1065.0
JHARKHAND,2013,1.1,17.9,1.6,22.3,85.0,181.5,211.1,278.1,173.8,281.1,0.0,0.0,1253.6
JHARKHAND,2014,9.9,47.5,22.9,1.9,98.2,139.7,321.3,290.9,178.2,44.9,0.0,1.2,1156.6
JHARKHAND,2015,12.2,2.6,21.6,55.5,25.5,183.3,429.7,240.7,85.1,22.7,0.2,2.7,1081.8
KARNATAKA,2000,5.566666666666666,6.2,0.43333333333333335,26.833333333333332,108.23333333333333,413.93333333333334,414.3999999999999,402.3,199.03333333333333,165.33333333333334,9.8,5.0,1756.9666666666665
KARNATAKA,2001,1.0666666666666667,0.5,0.7333333333333334,61.36666666666667,66.86666666666667,372.7,385.73333333333335,305.06666666666666,176.26666666666665,143.29999999999998,30.366666666666664,1.3666666666666665,1545.3
KARNATAKA,2002,2.1333333333333333,10.166666666666666,1.0333333333333332,22.066666666666663,93.93333333333334,334.8666666666667,231.00000000000003,334.8666666666667,96.86666666666667,218.26666666666665,14.299999999999999,0.3,1359.8
KARNATAKA,2003,0.16666666666666666,3.1,14.566666666666668,32.86666666666667,7.766666666666666,386.3,409.1666666666667,297.90000000000003,117.39999999999999,156.06666666666663,8.799999999999999,1.9333333333333336,1436.0666666666666
KARNATAKA,2004,3.9,5.166666666666667,8.1,38.93333333333334,201.06666666666663,369.5,340.5,392.79999999999995,135.5,89.26666666666667,26.799999999999997,3.533333333333333,1615.0999999999997
KARNATAKA,2005,4.5,1.6333333333333335,2.9,67.0,51.4,353.0,576.7333333333333,349.5,253.79999999999998,174.26666666666665,28.633333333333336,2.5666666666666664,1865.8999999999999
KARNATAKA,2006,0.39999999999999997,0.03333333333333333,18.96666666666667,14.233333333333334,187.26666666666665,371.3333333333333,480.4666666666667,372.5333333333333,217.63333333333335,105.76666666666667,70.43333333333334,0.3666666666666667,1839.466666666667
KARNATAKA,2007,3.933333333333333,2.3666666666666667,3.066666666666667,35.666666666666664,58.9,461.40000000000003,462.93333333333334,456.43333333333334,344.8,115.26666666666667,23.066666666666666,8.200000000000001,1976.033333333333
KARNATAKA,2008,0.4000000000000001,14.9,126.5,27.03333333333333,53.26666666666667,357.36666666666673,323.93333333333334,434.59999999999997,225.73333333333335,87.59999999999998,27.13333333333333,8.0,1686.4666666666665
KARNATAKA,2009,0.26666666666666666,0.03333333333333333,24.133333333333336,22.433333333333334,88.36666666666667,221.29999999999998,746.1666666666666,258.23333333333335,331.40000000000003,184.73333333333335,76.8,24.066666666666663,1977.9666666666665
KARNATAKA,2010,10.633333333333333,1.5333333333333332,3.1999999999999997,49.6,71.53333333333335,307.3,542.9333333333333,357.7,246.1,168.79999999999998,162.29999999999998,4.8999999999999995,1926.5666666666666
KARNATAKA,2011,2.466666666666667,7.8,9.433333333333332,62.5,59.86666666666667,432.26666666666665,477.90000000000003,404.26666666666665,241.80000000000004,132.33333333333334,47.96666666666667,5.066666666666666,1883.7333333333336
KARNATAKA,2012,11.033333333333333,7.7,4.533333333333333,70.46666666666667,29.333333333333332,264.23333333333335,337.93333333333334,456.5333333333333,187.26666666666665,87.7,65.7,4.233333333333333,487.2
KARNATAKA,2013,1.3666666666666665,11.933333333333335,11.233333333333334,29.5,81.13333333333334,476.20000000000005,661.1333333333333,301.93333333333334,257.3,156.6,28.666666666666668,4.166666666666667,2021.0999999999997
KARNATAKA,2014,0.13333333333333333,2.933333333333333,16.266666666666666,37.86666666666667,135.13333333333333,221.39999999999998,521.2666666666668,526.9333333333333,210.36666666666667,153.20000000000002,28.400000000000002,21.2,1875.1333333333332
KARNATAKA,2015,1.8333333333333333,0.39999999999999997,28.066666666666663,67.83333333333333,106.96666666666665,347.8666666666666,360.4666666666667,263.40000000000003,191.86666666666667,125.26666666666667,89.33333333333333,6.800000000000001,1590.1333333333332
KERALA,2000,11.7,57.8,21.5,96.3,124.5,633.8,343.2,566.5,195.8,214.2,78.1,69.1,2412.6
KERALA,2001,16.5,28.3,7.0,238.0,238.6,715.3,598.5,361.3,216.8,319.6,181.0,10.1,2931.1
KERALA,2002,4.7,8.7,35.7,117.3,330.8,503.1,318.7,438.2,99.0,511.7,137.5,2.1,2507.4
KERALA,2003,0.7,50.9,82.1,134.4,91.0,566.7,532.0,350.3,93.6,407.0,76.4,9.7,2394.9
KERALA,2004,2.4,8.1,37.9,113.2,610.9,673.4,385.4,417.9,192.8,320.6,120.7,2.7,2886.1
KERALA,2005,19.8,7.0,25.3,205.9,134.8,619.2,832.7,291.0,414.7,240.1,184.3,56.4,3031.1
KERALA,2006,8.1,0.5,90.7,65.3,521.2,482.4,804.0,432.6,474.8,376.4,162.8,1.8,3420.6
KERALA,2007,0.5,5.6,7.3,138.5,192.7,705.9,966.3,489.6,526.7,357.2,87.4,11.9,3489.6
KERALA,2008,0.8,30.3,217.2,108.4,81.2,469.9,505.1,349.0,347.0,343.4,55.4,17.0,2524.5
KERALA,2009,3.3,1.5,62.6,69.0,191.6,438.2,924.9,269.3,326.5,205.2,274.4,44.2,2810.6
KERALA,2010,18.6,1.0,31.4,138.9,190.6,667.5,629.0,356.0,275.6,441.4,335.1,46.8,3131.8
KERALA,2011,20.5,45.7,24.1,165.2,124.2,788.5,536.8,492.7,391.2,227.2,169.7,49.5,3035.1
KERALA,2012,7.4,11.0,21.0,171.1,95.3,430.3,362.6,501.6,241.1,187.5,112.9,9.4,2151.1
KERALA,2013,3.9,40.1,49.9,49.3,119.3,1042.7,830.2,369.7,318.6,259.9,154.9,17.0,3255.4
KERALA,2014,4.6,10.3,17.9,95.7,251.0,454.4,677.8,733.9,298.8,355.5,99.5,47.2,3046.4
KERALA,2015,3.1,5.8,50.1,214.1,201.8,563.6,406.0,252.2,292.9,308.1,223.6,79.4,2600.6
LAKSHADWEEP,2000,83.3,18.9,3.4,47.9,204.6,225.4,95.5,319.9,164.5,141.4,56.3,11.0,1372.1
LAKSHADWEEP,2001,4.4,20.4,0.0,104.6,187.3,283.9,198.9,144.3,213.5,105.2,101.5,16.6,1380.6
LAKSHADWEEP,2002,10.8,16.8,7.2,23.4,189.8,261.8,81.3,143.9,50.0,178.2,52.9,17.4,1033.5
LAKSHADWEEP,2003,11.8,18.2,28.5,18.1,109.6,364.5,400.6,92.1,84.3,191.6,206.1,7.5,1532.9
LAKSHADWEEP,2004,7.2,1.5,1.9,7.7,330.2,251.2,280.8,169.5,200.0,193.4,107.6,2.2,1553.2
LAKSHADWEEP,2005,17.6,11.1,0.0,37.0,92.8,248.5,378.9,102.4,278.0,164.2,218.3,26.6,1575.4
LAKSHADWEEP,2006,20.1,0.0,33.0,0.3,327.9,286.9,172.3,150.7,318.5,119.1,158.9,10.9,1598.6
LAKSHADWEEP,2007,2.5,4.2,0.2,22.2,166.2,573.4,427.4,294.7,457.5,256.1,47.6,109.6,2361.6
LAKSHADWEEP,2008,5.5,19.8,120.7,15.8,180.4,254.6,363.9,206.6,108.9,252.9,67.6,130.1,1726.8
LAKSHADWEEP,2009,4.7,1.5,0.1,18.1,162.1,401.2,266.4,185.0,145.1,87.4,166.2,132.3,1570.1
LAKSHADWEEP,2010,18.8,0.0,1.2,35.6,79.0,318.9,336.7,335.1,161.5,155.4,201.5,81.5,1725.2
LAKSHADWEEP,2011,5.1,2.8,3.1,85.9,107.2,153.6,350.2,254.0,255.2,117.4,184.3,14.9,1533.7
LAKSHADWEEP,2012,19.2,0.1,1.6,76.8,21.2,327.0,231.5,381.2,179.8,145.9,12.4,8.8,1405.5
LAKSHADWEEP,2013,26.2,34.4,37.5,5.3,88.3,426.2,296.4,154.4,180.0,72.8,78.1,26.7,1426.3
LAKSHADWEEP,2014,53.2,16.1,4.4,14.9,57.4,244.1,116.1,466.1,132.2,169.2,59.0,62.3,1395.0
LAKSHADWEEP,2015,2.2,0.5,3.7,87.1,133.1,296.6,257.5,146.4,160.4,165.4,231.0,159.0,1642.9
MADHYA PRADESH,2000,0.1,0.0,0.1,0.1,18.75,130.45,349.1,172.2,71.5,1.5,0.0,0.1,437.1
MADHYA PRADESH,2001,2.2,0.4,1.75,14.5,14.399999999999999,229.55,368.79999999999995,221.4,38.95,86.1,0.5,0.0,978.55
MADHYA PRADESH,2002,1.1,24.65,1.35,0.95,4.55,116.2,65.8,404.75,166.55,24.5,5.75,1.0,817.1500000000001
MADHYA PRADESH,2003,0.9,40.35,1.1500000000000001,1.0,0.35,124.3,337.15,299.1,374.1,10.7,0.35,2.7,1192.25
MADHYA PRADESH,2004,18.3,0.2,0.0,1.05,4.35,145.9,210.55,395.5,87.80000000000001,34.45,3.15,0.4,901.7
MADHYA PRADESH,2005,24.450000000000003,6.85,19.85,4.75,21.8,122.55000000000001,471.45000000000005,193.55,176.75,14.450000000000001,0.0,2.9000000000000004,1059.3000000000002
MADHYA PRADESH,2006,0.0,0.0,47.3,8.75,20.4,65.4,336.4,415.1,136.1,13.35,10.45,3.0,1056.3
MADHYA PRADESH,2007,4.35,18.9,5.6,1.75,10.4,87.35,256.70000000000005,191.6,134.2,1.55,16.65,1.05,730.15
MADHYA PRADESH,2008,0.8999999999999999,2.05,5.7,2.5,4.55,250.9,245.0,238.0,127.89999999999999,14.2,5.25,0.2,897.1500000000001
MADHYA PRADESH,2009,10.15,0.5,0.9500000000000001,2.0,5.1,46.05,318.95000000000005,182.0,174.14999999999998,79.4,72.15,19.05,910.45
MADHYA PRADESH,2010,2.55,7.9,0.45,0.39999999999999997,1.05,60.3,310.9,281.7,174.75,18.6,7.75,2.05,868.3499999999999
MADHYA PRADESH,2011,0.3,1.7999999999999998,0.2,4.45,4.15,287.0,315.15,335.1,220.75,0.65,0.0,0.0,1169.5500000000002
MADHYA PRADESH,2012,22.8,0.35,0.3,1.0,2.15,58.0,419.04999999999995,346.45,183.45,7.3999999999999995,1.9,1.35,1044.15
MADHYA PRADESH,2013,1.85,37.25,11.3,6.15,0.35,287.79999999999995,470.65,456.70000000000005,88.45,96.45,0.4,1.7,1459.1
MADHYA PRADESH,2014,28.85,42.05,11.2,3.25,1.95,61.2,310.4,221.4,166.1,31.7,2.45,14.350000000000001,894.9
MADHYA PRADESH,2015,38.75,8.7,63.45,19.55,4.15,146.64999999999998,345.2,274.35,63.599999999999994,24.6,0.75,0.95,990.75
MAHARASHTRA,2000,0.3,7.1000000000000005,0.26666666666666666,0.7333333333333334,21.2,199.0666666666667,276.03333333333336,228.43333333333337,61.93333333333334,32.766666666666666,1.1333333333333335,1.4333333333333336,830.4
MAHARASHTRA,2001,6.033333333333334,0.19999999999999998,5.333333333333333,10.966666666666669,5.666666666666667,215.0666666666667,146.0,258.8333333333333,86.06666666666666,141.73333333333332,3.733333333333333,0.16666666666666666,879.8666666666667
MAHARASHTRA,2002,3.1999999999999997,3.733333333333333,0.9333333333333332,7.333333333333333,10.366666666666665,264.93333333333334,80.63333333333334,265.8666666666667,115.59999999999998,39.3,4.2,0.03333333333333333,796.0666666666666
MAHARASHTRA,2003,0.9666666666666668,2.6333333333333333,2.4666666666666663,4.433333333333334,15.533333333333333,156.20000000000002,288.53333333333336,214.39999999999998,116.63333333333333,31.399999999999995,3.0666666666666664,0.7333333333333334,837.1
MAHARASHTRA,2004,3.8666666666666667,2.0,2.033333333333333,3.366666666666667,30.53333333333333,151.26666666666668,197.86666666666665,217.4,148.23333333333332,42.63333333333333,14.033333333333333,0.10000000000000002,813.3666666666667
MAHARASHTRA,2005,30.566666666666666,2.6999999999999997,6.800000000000001,4.866666666666666,4.166666666666667,148.20000000000002,389.3,209.79999999999998,245.5666666666667,83.46666666666665,0.0,0.06666666666666667,1125.4666666666665
MAHARASHTRA,2006,0.0,0.0,29.46666666666667,6.0,29.96666666666667,151.66666666666666,297.8,381.4666666666667,200.73333333333335,50.5,13.733333333333334,0.0,1161.3999999999999
MAHARASHTRA,2007,0.46666666666666673,0.5666666666666668,0.5,2.0,5.566666666666666,236.33333333333334,255.23333333333335,234.26666666666665,223.9,10.533333333333333,4.633333333333334,0.0,974.0
MAHARASHTRA,2008,0.10000000000000002,0.6666666666666666,17.3,2.3666666666666667,1.9333333333333336,104.16666666666667,175.29999999999998,220.80000000000004,247.0,37.6,2.3000000000000003,0.3666666666666667,809.9333333333333
MAHARASHTRA,2009,0.03333333333333333,0.5666666666666667,0.7666666666666667,1.2,6.866666666666667,70.03333333333333,259.93333333333334,163.73333333333335,137.6,65.7,82.8,4.633333333333334,793.8000000000001
MAHARASHTRA,2010,7.066666666666666,2.6,4.1000000000000005,1.0999999999999999,3.966666666666667,150.03333333333333,354.9666666666667,302.8666666666667,186.9666666666667,61.93333333333334,49.06666666666666,1.1333333333333335,1125.7333333333333
MAHARASHTRA,2011,0.0,1.7666666666666666,0.3666666666666667,5.3999999999999995,2.1999999999999997,116.8,246.20000000000002,256.4666666666667,143.13333333333333,30.766666666666666,0.0,0.0,803.1
MAHARASHTRA,2012,1.0333333333333334,0.03333333333333333,0.0,1.4000000000000001,1.2999999999999998,88.53333333333335,244.86666666666667,201.79999999999998,166.29999999999998,66.3,3.266666666666667,0.0,774.7333333333332
MAHARASHTRA,2013,2.733333333333333,9.233333333333333,2.4,5.466666666666666,4.3,246.66666666666666,380.23333333333335,203.33333333333334,165.36666666666665,95.2,3.8000000000000003,4.8,1123.4666666666667
MAHARASHTRA,2014,1.8999999999999997,12.633333333333335,51.0,7.333333333333333,13.6,45.9,240.16666666666666,203.63333333333335,143.26666666666665,23.333333333333332,19.63333333333333,6.233333333333333,768.6666666666666
MAHARASHTRA,2015,12.6,2.3666666666666667,46.5,25.76666666666667,16.5,183.29999999999998,92.09999999999998,156.1,156.13333333333333,24.933333333333334,7.0,0.10000000000000002,723.5
MEGHALAYA,2000,20.5,13.7,65.9,238.5,375.1,540.2,313.3,513.2,299.9,83.9,22.2,0.4,2487.0
MEGHALAYA,2001,5.5,39.7,30.9,198.6,266.4,399.8,451.1,295.6,266.8,201.4,20.5,2.3,2178.4
MEGHALAYA,2002,20.2,5.7,83.3,279.9,286.9,502.5,565.1,312.5,209.7,49.5,69.4,7.9,2392.7
MEGHALAYA,2003,9.5,41.5,96.9,213.8,235.8,551.4,481.2,290.7,250.0,231.8,13.0,18.6,2434.1
MEGHALAYA,2004,15.3,19.5,72.8,340.8,342.2,397.9,848.4,286.2,317.2,340.8,6.5,6.6,2994.3
MEGHALAYA,2005,22.8,30.5,172.2,207.5,281.2,373.9,474.5,501.9,174.9,218.6,8.9,1.3,2468.3
MEGHALAYA,2006,0.7,40.9,20.8,169.0,325.7,395.9,350.3,209.7,252.3,97.6,25.1,10.7,1898.6
MEGHALAYA,2007,1.5,73.7,23.5,242.7,219.8,489.7,682.7,308.0,494.7,164.7,47.7,4.0,2752.8
MEGHALAYA,2008,29.7,14.5,107.5,156.2,210.6,414.6,493.2,508.6,267.5,133.4,2.2,1.6,2339.7
MEGHALAYA,2009,7.9,11.6,44.9,134.9,246.5,321.1,426.3,533.8,192.3,135.9,9.0,4.0,2068.2
MEGHALAYA,2010,0.5,3.1,99.6,389.3,393.4,569.7,415.1,387.0,318.3,116.2,11.6,7.6,2711.5
MEGHALAYA,2011,11.1,11.4,109.0,92.1,238.3,316.0,395.8,302.6,221.6,30.2,11.9,3.5,1743.4
MEGHALAYA,2012,15.2,6.9,28.8,279.1,185.8,729.7,444.3,289.2,411.6,199.4,17.1,2.3,2609.4
MEGHALAYA,2013,1.1,9.6,44.0,112.8,346.7,286.2,367.8,289.7,229.3,126.3,1.0,2.0,1816.4
MEGHALAYA,2014,2.0,28.3,29.3,51.5,351.1,426.4,374.4,484.6,420.2,35.0,3.0,0.4,2206.1
MEGHALAYA,2015,13.4,15.5,37.5,250.9,332.5,558.5,300.1,590.9,279.9,62.6,14.0,15.2,2470.9
ORISSA,2000,0.9,33.3,1.1,21.3,74.7,233.7,272.3,273.6,158.0,26.6,1.6,0.1,1097.2
ORISSA,2001,0.4,1.4,32.3,28.7,71.0,336.1,584.2,380.9,132.0,86.8,18.7,0.0,1672.5
ORISSA,2002,11.7,0.2,13.1,25.1,67.5,182.4,170.2,371.2,206.5,47.1,7.8,0.0,1102.8
ORISSA,2003,0.1,16.2,21.6,24.7,22.6,178.9,367.5,425.1,264.3,287.4,11.0,28.8,1648.2
ORISSA,2004,6.8,8.0,6.4,49.2,29.7,216.4,328.0,346.4,148.1,149.6,1.8,0.0,1290.4
ORISSA,2005,29.4,4.0,24.3,20.9,44.9,199.4,410.3,201.0,342.8,206.9,12.4,7.1,1503.4
ORISSA,2006,0.2,0.0,29.9,25.0,105.6,175.2,454.0,624.9,254.7,26.4,21.0,0.0,1716.9
ORISSA,2007,0.7,32.5,8.0,21.0,62.8,321.0,285.1,420.6,401.7,66.4,14.0,0.0,1633.8
ORISSA,2008,27.5,10.4,17.5,28.2,37.4,343.5,306.4,388.3,355.0,22.1,2.7,0.0,1538.9
ORISSA,2009,1.9,0.5,2.7,1.1,68.2,87.3,586.0,286.9,162.5,105.8,27.3,0.1,1330.3
ORISSA,2010,8.8,1.2,5.6,7.8,93.0,146.4,304.9,282.7,236.0,133.0,35.6,37.2,1291.9
ORISSA,2011,3.7,16.2,4.9,58.2,75.6,210.1,199.6,358.6,398.7,20.2,0.1,0.4,1346.2
ORISSA,2012,50.8,3.6,0.9,34.8,21.3,169.6,324.3,417.0,242.4,66.0,72.1,3.1,1405.9
ORISSA,2013,3.3,7.8,2.1,53.6,57.7,272.6,380.0,254.9,208.1,391.0,1.2,0.0,1632.4
ORISSA,2014,0.0,17.6,25.1,11.7,111.9,92.2,496.2,386.3,281.1,111.8,2.2,0.9,1536.9
ORISSA,2015,15.1,3.3,10.5,67.6,32.6,238.6,294.8,264.0,237.0,24.7,6.2,15.6,1210.1
PUNJAB,2000,25.4,26.6,6.9,1.3,15.3,50.1,164.8,70.0,42.0,0.0,0.7,2.2,405.3
PUNJAB,2001,8.0,2.1,6.2,24.5,36.9,93.8,173.9,69.5,19.9,1.5,0.9,3.8,441.0
PUNJAB,2002,2.4,6.6,6.8,3.3,20.8,24.7,50.4,58.4,95.0,2.6,0.0,3.7,274.7
PUNJAB,2003,10.6,56.4,19.4,3.0,3.9,40.7,136.7,94.7,52.2,0.0,2.2,5.0,424.6
PUNJAB,2004,32.4,5.7,0.0,15.5,27.2,48.8,52.1,124.2,8.9,31.2,0.8,5.0,351.7
PUNJAB,2005,35.8,60.3,28.6,8.4,5.2,34.6,176.7,95.3,106.7,0.4,0.0,0.0,552.0
PUNJAB,2006,15.0,3.7,46.1,1.3,32.1,73.0,220.3,90.8,120.7,24.6,13.4,6.7,647.7
PUNJAB,2007,1.2,68.8,48.2,10.0,5.9,64.4,95.1,215.4,73.7,0.6,0.9,10.6,594.8
PUNJAB,2008,12.0,4.1,0.0,19.7,40.6,155.5,101.9,312.2,59.8,9.9,0.6,0.9,717.1
PUNJAB,2009,9.4,14.4,10.5,14.0,5.6,10.6,158.0,76.8,54.7,4.0,2.7,0.4,361.2
PUNJAB,2010,3.8,13.8,1.9,0.7,6.0,41.8,143.8,96.7,112.8,4.7,1.1,24.4,451.5
PUNJAB,2011,3.5,35.6,8.2,17.8,18.9,162.9,120.9,193.5,140.2,0.0,1.0,2.6,705.2
PUNJAB,2012,62.6,3.2,1.9,31.1,1.6,11.9,120.2,135.1,112.3,2.2,0.4,11.0,493.6
PUNJAB,2013,9.3,50.1,11.6,3.4,3.6,120.3,117.9,217.1,24.4,16.2,6.1,6.6,586.6
PUNJAB,2014,21.8,20.1,30.3,24.5,20.8,20.6,76.3,41.9,105.8,6.0,0.7,14.1,382.7
PUNJAB,2015,17.7,31.3,68.5,29.8,16.7,48.3,130.2,88.6,69.2,9.0,0.8,0.7,510.8
RAJASTHAN,2000,0.4,0.55,0.35,2.7,12.65,14.2,221.10000000000002,67.55,17.2,0.75,0.25,0.05,337.65
RAJASTHAN,2001,0.7,0.6000000000000001,0.2,7.95,23.35,74.4,197.14999999999998,97.55000000000001,5.25,8.25,0.0,2.9,418.25
RAJASTHAN,2002,0.9500000000000001,6.8,0.55,1.2999999999999998,9.899999999999999,49.150000000000006,7.95,73.89999999999999,30.900000000000002,0.45,1.65,5.25,188.85000000000002
RAJASTHAN,2003,3.3,21.299999999999997,0.65,0.30000000000000004,2.65,60.9,217.10000000000002,136.05,53.75,0.15000000000000002,0.0,1.2,497.35
RAJASTHAN,2004,2.45,0.0,0.0,3.5,7.65,43.15,66.35,237.6,16.65,23.1,0.2,0.8500000000000001,401.45000000000005
RAJASTHAN,2005,0.8999999999999999,8.9,7.199999999999999,6.25,9.65,42.4,162.55,52.15,124.15,0.0,0.05,0.0,414.35
RAJASTHAN,2006,0.0,0.0,14.399999999999999,1.9,10.7,55.349999999999994,134.3,272.55,60.1,3.8499999999999996,0.25,1.5,554.85
RAJASTHAN,2007,0.35,25.85,16.3,1.9,4.65,52.1,156.75,118.65,65.85,0.0,0.05,0.7,443.25
RAJASTHAN,2008,0.8500000000000001,0.1,0.65,13.6,23.4,108.35,111.6,150.60000000000002,67.85,1.7,1.4,4.2,484.35
RAJASTHAN,2009,1.7,1.5,3.8499999999999996,0.9,6.65,32.5,134.1,70.2,26.5,5.6000000000000005,3.55,0.3,287.25
RAJASTHAN,2010,1.9,2.05,0.55,0.5,1.85,38.4,163.05,219.64999999999998,112.7,0.8500000000000001,34.8,5.1,581.3
RAJASTHAN,2011,0.0,11.5,0.85,1.0,6.449999999999999,82.65,141.05,225.45000000000002,141.35,0.05,0.0,0.0,610.4
RAJASTHAN,2012,1.2,0.0,0.0,6.55,9.95,8.25,105.45,265.85,111.65,1.2,0.0,0.35,510.45000000000005
RAJASTHAN,2013,5.0,21.75,2.3000000000000003,3.1500000000000004,1.35,64.1,211.75,208.35,73.35,20.35,1.15,0.15,612.75
RAJASTHAN,2014,14.6,6.1,5.550000000000001,7.85,15.7,18.65,145.7,165.3,110.9,1.85,0.1,0.55,492.84999999999997
RAJASTHAN,2015,6.75,0.5,43.1,20.55,9.5,74.80000000000001,266.1,101.65,27.900000000000002,3.05,0.3,0.4,554.55
TAMIL NADU,2000,30.3,74.5,9.4,41.6,54.7,52.2,45.8,136.1,169.8,120.3,148.6,88.9,972.0
TAMIL NADU,2001,21.8,10.9,13.0,93.8,45.0,39.9,37.2,18.7,53.8,69.5,52.3,27.6,483.4
TAMIL NADU,2002,2.9,22.1,3.9,9.2,32.6,23.7,11.8,26.5,32.2,93.7,47.2,12.2,318.0
TAMIL NADU,2003,0.3,4.1,18.0,17.1,19.8,22.5,38.7,49.3,26.1,86.0,59.5,7.1,348.5
TAMIL NADU,2004,2.8,0.7,3.0,16.2,101.1,21.2,98.6,85.1,208.3,271.1,204.5,25.0,1037.6
TAMIL NADU,2005,4.1,11.1,24.4,128.0,80.6,35.7,87.9,93.3,117.9,280.5,353.4,148.5,1365.3
TAMIL NADU,2006,15.3,0.2,52.4,32.6,65.2,57.2,33.6,73.4,116.3,240.4,215.1,26.1,927.9
TAMIL NADU,2007,7.2,7.5,1.8,58.0,44.9,73.1,101.0,136.5,89.1,248.9,79.2,219.9,1067.2
TAMIL NADU,2008,11.7,29.1,164.7,31.5,53.7,51.1,73.1,126.5,70.7,242.7,298.5,50.1,1203.4
TAMIL NADU,2009,7.9,0.0,41.0,41.4,74.8,27.0,42.1,96.9,114.4,62.1,314.7,106.2,928.5
TAMIL NADU,2010,11.8,0.2,1.9,22.9,91.9,70.0,81.4,102.9,111.1,148.1,328.6,124.5,1095.2
TAMIL NADU,2011,4.3,11.2,8.0,91.5,33.4,56.0,45.5,128.9,76.0,200.4,230.5,41.0,926.5
TAMIL NADU,2012,3.0,0.1,2.5,35.5,41.9,30.1,46.5,98.0,84.9,235.2,44.5,14.0,636.1
TAMIL NADU,2013,3.9,30.9,30.0,20.3,42.0,54.6,42.7,110.7,113.5,127.9,112.3,53.2,741.9
TAMIL NADU,2014,7.4,6.1,8.1,8.3,139.1,47.8,50.6,117.7,98.9,252.2,110.8,66.0,913.0
TAMIL NADU,2015,8.3,2.3,21.7,108.8,112.4,62.4,43.5,81.6,98.4,132.6,379.8,152.8,1204.6
TELANGANA,2000,0.6,16.8,1.0,16.3,48.8,253.2,220.9,420.5,70.7,20.2,6.4,2.5,1078.0
TELANGANA,2001,8.5,0.0,21.5,37.3,7.5,183.9,123.8,266.8,119.9,135.6,17.4,0.0,922.3
TELANGANA,2002,18.8,10.1,7.6,7.7,32.0,143.2,91.7,321.7,52.4,76.2,3.9,0.0,765.3
TELANGANA,2003,0.0,10.7,21.9,14.0,7.9,112.6,312.2,266.5,103.2,101.7,7.3,5.3,963.2
TELANGANA,2004,34.4,17.9,9.3,25.9,34.6,64.6,216.7,117.7,110.1,30.6,5.3,0.0,667.0
TELANGANA,2005,43.4,14.1,14.6,23.8,19.7,115.1,400.3,126.9,246.3,136.1,3.9,18.8,1163.1
TELANGANA,2006,0.0,0.0,42.7,38.6,46.1,104.8,169.5,308.2,280.2,28.1,34.7,0.0,1053.0
TELANGANA,2007,0.0,0.0,0.1,0.1,9.2,176.6,134.6,206.6,262.3,40.8,13.0,0.0,843.3
TELANGANA,2008,0.2,18.6,108.6,15.7,4.9,132.9,183.4,391.8,146.7,24.2,7.5,0.8,1035.3
TELANGANA,2009,0.0,0.0,2.1,4.5,13.1,85.8,118.4,192.3,149.7,69.5,29.6,1.2,666.3
TELANGANA,2010,10.3,5.3,1.5,5.6,24.9,127.0,395.5,308.1,249.8,98.7,40.5,9.3,1276.4
TELANGANA,2011,0.0,11.9,2.6,25.6,9.3,83.9,268.2,225.9,107.6,13.9,4.2,0.0,753.1
TELANGANA,2012,6.7,0.0,0.2,14.0,8.4,124.4,300.3,229.9,202.4,83.6,38.7,0.0,1008.6
TELANGANA,2013,2.4,29.0,0.2,24.4,8.5,213.4,453.8,230.6,161.4,205.9,16.4,2.7,1348.7
TELANGANA,2014,0.2,2.9,58.3,10.3,73.3,62.3,146.0,205.2,146.8,29.6,10.8,0.7,746.4
TELANGANA,2015,17.5,0.0,43.0,65.7,23.3,266.9,104.4,160.5,158.3,15.6,0.3,1.7,857.3
TRIPURA,2000,22.5,26.1,129.1,214.2,403.6,325.4,269.2,465.0,298.3,185.2,24.2,1.1,2363.9
TRIPURA,2001,1.5,46.9,38.8,83.6,313.8,478.0,322.6,263.0,269.0,266.4,65.4,0.2,2149.0
TRIPURA,2002,18.6,3.9,62.7,143.8,438.7,351.6,462.2,358.4,225.7,98.9,71.9,6.0,2242.3
TRIPURA,2003,3.8,11.5,78.0,158.9,265.6,590.9,262.4,281.7,288.4,175.1,5.1,40.9,2162.2
TRIPURA,2004,4.8,2.7,11.0,341.5,211.0,449.2,558.6,284.3,351.0,132.7,6.4,0.5,2353.7
TRIPURA,2005,6.4,15.0,118.6,98.1,237.0,212.3,301.5,334.8,292.6,194.3,15.6,10.5,1836.7
TRIPURA,2006,0.6,12.4,5.5,111.1,382.2,445.6,335.0,241.6,231.1,90.4,13.0,3.7,1872.0
TRIPURA,2007,7.9,54.7,28.7,220.4,276.7,446.3,430.0,373.8,426.6,180.5,82.6,10.1,2538.2
TRIPURA,2008,30.7,13.8,49.6,54.9,200.8,327.4,333.3,358.6,223.7,150.2,4.7,1.2,1748.9
TRIPURA,2009,0.0,3.2,27.5,93.1,209.5,271.9,295.8,380.9,271.3,158.2,26.1,0.2,1737.7
TRIPURA,2010,1.0,7.9,85.8,161.5,294.0,411.6,367.5,393.2,309.8,220.2,9.2,33.5,2295.2
TRIPURA,2011,12.6,3.6,51.4,81.1,334.9,374.2,313.3,367.6,258.3,92.6,2.4,0.2,1892.1
TRIPURA,2012,24.5,10.2,20.3,243.5,163.5,396.2,280.1,342.7,248.7,160.9,32.0,0.4,1922.9
TRIPURA,2013,0.2,5.7,19.7,60.3,348.9,206.6,255.9,291.3,241.4,125.6,0.3,1.2,1557.2
TRIPURA,2014,1.2,21.0,25.4,49.6,192.5,268.3,295.7,372.3,300.9,69.6,3.3,0.1,1599.9
TRIPURA,2015,14.4,14.2,21.6,253.5,198.3,283.9,413.6,334.2,255.9,118.7,3.9,10.0,1922.4
UTTAR PRADESH,2000,5.7,14.1,2.3,6.3,31.1,171.05,246.05,221.8,150.89999999999998,0.65,9.05,0.1,859.0999999999999
UTTAR PRADESH,2001,1.8,1.8499999999999999,1.9500000000000002,8.1,28.15,196.7,288.0,154.0,89.39999999999999,45.8,1.95,0.05,817.75
UTTAR PRADESH,2002,15.9,31.85,1.3,1.6,25.35,39.8,65.65,232.2,222.39999999999998,13.65,0.8999999999999999,6.6,657.1500000000001
UTTAR PRADESH,2003,16.200000000000003,38.65,2.55,6.6000000000000005,3.95,99.5,285.4,257.79999999999995,345.20000000000005,4.1499999999999995,0.4,11.45,1071.95
UTTAR PRADESH,2004,21.700000000000003,1.25,0.0,14.35,23.75,110.15,171.85,199.05,105.25,46.75,0.39999999999999997,0.15000000000000002,694.5999999999999
UTTAR PRADESH,2005,12.05,15.95,16.450000000000003,1.05,7.45,62.3,294.25,161.65,161.1,13.85,0.0,1.75,748.0
UTTAR PRADESH,2006,0.25,0.0,15.45,5.9,30.6,87.0,255.35000000000002,112.39999999999999,58.6,12.899999999999999,0.95,1.25,580.7
UTTAR PRADESH,2007,0.25,56.75,31.6,2.0500000000000003,19.65,76.45,210.14999999999998,166.3,84.25,8.2,0.0,1.25,656.85
UTTAR PRADESH,2008,2.0,1.3,0.1,3.5,20.450000000000003,208.75,300.05,228.5,101.80000000000001,7.7,2.3,0.0,876.5999999999999
UTTAR PRADESH,2009,0.65,2.5,1.0,4.6499999999999995,17.8,23.5,133.85,180.75,132.5,70.1,9.4,2.9,579.7
UTTAR PRADESH,2010,2.7,11.85,0.1,0.2,12.0,18.2,251.4,214.85000000000002,224.2,10.1,8.65,2.0999999999999996,756.45
UTTAR PRADESH,2011,1.55,6.550000000000001,2.75,2.8499999999999996,30.900000000000002,169.85000000000002,206.9,232.2,124.05000000000001,0.6499999999999999,0.25,0.75,779.3
UTTAR PRADESH,2012,17.4,0.65,2.4,3.75,0.25,11.25,189.64999999999998,152.55,116.1,0.6,0.2,1.35,496.15000000000003
UTTAR PRADESH,2013,13.25,64.55,3.1,5.1499999999999995,1.6,250.14999999999998,231.95,266.6,65.2,79.30000000000001,1.1,5.0,987.1
UTTAR PRADESH,2014,47.849999999999994,27.6,19.0,3.5,10.85,34.9,188.05,109.55,95.7,44.65,0.0,12.350000000000001,594.05
UTTAR PRADESH,2015,30.8,5.65,57.5,22.1,8.35,83.65,186.6,159.65,24.2,9.350000000000001,1.25,3.95,593.0
UTTARAKHAND,2000,29.9,69.4,37.9,18.1,83.3,313.9,420.1,536.1,195.3,1.1,7.0,0.7,1712.9
UTTARAKHAND,2001,22.7,27.9,83.4,48.2,109.1,297.3,493.0,371.7,68.3,6.3,1.4,15.1,1544.4
UTTARAKHAND,2002,53.8,123.2,100.0,76.3,82.3,139.6,205.7,465.4,301.3,19.9,3.0,4.2,1574.7
UTTARAKHAND,2003,40.7,126.0,99.7,54.1,67.1,145.2,515.3,416.2,239.9,1.8,4.8,23.6,1734.3
UTTARAKHAND,2004,58.5,11.7,0.0,51.5,66.0,130.7,400.9,326.3,96.8,70.7,0.8,5.7,1219.6
UTTARAKHAND,2005,64.1,83.2,54.2,12.8,52.1,74.0,400.1,249.2,337.9,14.1,2.2,4.3,1348.2
UTTARAKHAND,2006,48.7,9.6,71.7,52.2,120.5,104.2,345.6,294.7,79.1,18.8,6.8,27.0,1178.9
UTTARAKHAND,2007,1.7,138.9,123.1,41.1,78.8,139.9,522.9,502.8,325.6,25.1,7.8,16.7,1924.3
UTTARAKHAND,2008,55.6,11.7,18.1,93.0,67.3,332.4,313.3,245.8,190.8,23.1,11.9,0.6,1363.7
UTTARAKHAND,2009,1.8,27.6,18.8,18.4,77.6,41.9,157.5,202.6,206.6,81.3,12.6,0.9,847.8
UTTARAKHAND,2010,11.4,62.1,3.8,13.8,47.0,72.7,455.8,335.7,389.7,8.0,4.5,19.5,1424.0
UTTARAKHAND,2011,30.9,65.2,18.0,30.9,84.2,223.1,433.3,523.7,148.4,3.4,1.2,2.3,1564.7
UTTARAKHAND,2012,38.8,11.9,28.1,39.2,9.1,46.0,387.1,419.5,220.6,4.7,3.4,15.5,1223.9
UTTARAKHAND,2013,73.0,188.3,22.0,24.7,18.2,488.9,413.4,359.4,111.3,29.1,3.2,3.8,1735.4
UTTARAKHAND,2014,45.9,99.9,68.4,37.6,52.9,62.9,462.7,264.2,107.9,40.8,0.0,44.3,1287.4
UTTARAKHAND,2015,54.5,62.6,127.3,57.3,38.0,186.6,337.0,305.3,52.6,16.8,2.4,7.2,1247.6
WEST BENGAL,2000,10.1,47.05,29.45,119.55,270.75,427.6,457.9,338.25,447.1,79.55000000000001,12.100000000000001,0.65,2240.05
WEST BENGAL,2001,2.15,11.2,41.5,92.10000000000001,261.5,428.2,334.15,336.6,320.4,223.2,22.700000000000003,2.95,2076.6
WEST BENGAL,2002,28.200000000000003,5.75,61.099999999999994,157.25,147.89999999999998,377.45,512.45,347.95000000000005,333.25,73.6,29.799999999999997,5.45,2080.15
WEST BENGAL,2003,8.75,45.45,80.05,103.85,146.8,398.55,478.2,296.65,238.2,282.25,12.649999999999999,18.45,2110.0
WEST BENGAL,2004,11.6,6.55,27.7,113.15,180.2,388.5,495.1,373.15,329.5,209.55,4.5,2.6,2142.05
WEST BENGAL,2005,23.15,16.4,107.44999999999999,98.65,168.2,323.3,529.4,395.6,225.60000000000002,311.4,4.4,2.7,2206.3
WEST BENGAL,2006,0.75,10.0,25.2,89.9,195.65,333.6,478.4,307.65,418.85,84.05000000000001,13.100000000000001,4.1000000000000005,1961.3
WEST BENGAL,2007,3.5,68.65,42.95,99.4,156.9,355.70000000000005,648.2,370.2,459.25,67.65,16.700000000000003,1.0,2290.15
WEST BENGAL,2008,41.3,17.25,45.65,92.30000000000001,132.9,470.5,498.05,444.25,282.0,85.1,8.45,4.85,2122.55
WEST BENGAL,2009,4.2,20.849999999999998,36.45,58.9,268.85,210.15,366.85,450.54999999999995,234.60000000000002,156.2,9.25,2.9499999999999997,1819.8
WEST BENGAL,2010,2.9,14.950000000000001,42.8,96.25,231.7,373.70000000000005,394.85,326.95,250.35000000000002,81.2,7.1,15.95,1838.5500000000002
WEST BENGAL,2011,5.5,11.299999999999999,55.85,105.0,190.2,427.15,416.09999999999997,456.75,326.1,41.8,14.0,2.8499999999999996,2052.6
WEST BENGAL,2012,28.0,14.600000000000001,24.95,108.75,123.30000000000001,375.40000000000003,499.75,297.04999999999995,340.8,91.80000000000001,29.75,16.0,1950.1
WEST BENGAL,2013,2.75,16.8,18.45,80.15,246.2,319.15,425.79999999999995,408.85,281.0,276.5,8.05,1.35,2085.1
WEST BENGAL,2014,0.55,34.400000000000006,28.8,24.9,216.5,368.40000000000003,341.65,427.95,300.5,44.05,2.6999999999999997,1.5,1792.0
WEST BENGAL,2015,14.3,10.25,42.05,118.85,181.10000000000002,377.7,513.2,443.6,259.45,43.150000000000006,13.05,7.65,2024.4499999999998
