SUBDIVISION,YEAR,Parameter,JAN,FEB,MAR,APR,MAY,JUN,JUL,AUG,SEP,OCT,NOV,DEC,ANNUAL
ANDAMAN & NICOBAR ISLANDS,2000.0,Actual,53.0,59.0,171.3,218.1,422.8,357.0,176.3,460.8,250.1,321.2,158.3,115.2,2763.2
VIDARBHA,2000.0,Actual,0.1,16.4,0.1,0.1,28.8,235.9,472.1,286.2,54.0,11.0,0.0,0.5,1105.2
JHARKHAND,2000.0,Actual,3.6,21.2,6.3,19.6,67.7,185.3,358.4,152.8,356.9,19.1,0.4,0.2,1191.5
PUNJAB,2000.0,Actual,25.4,26.6,6.9,1.3,15.3,50.1,164.8,70.0,42.0,0.0,0.7,2.2,405.3
GANGETIC WEST BENGAL,2000.0,Actual,9.5,57.9,3.8,54.0,215.0,205.6,341.5,178.4,428.4,76.2,1.6,0.1,1572.1
SOUTH INTERIOR KARNATAKA,2000.0,Actual,1.4,15.5,0.3,46.3,59.3,167.5,200.5,300.6,183.5,206.2,14.1,12.1,1207.2
SUB HIMALAYAN WEST BENGAL & SIKKIM,2000.0,Actual,10.7,36.2,55.1,185.1,326.5,649.6,574.3,498.1,465.8,82.9,22.6,1.2,2908.0
RAYALSEEMA,2000.0,Actual,0.0,34.3,0.2,22.1,73.8,92.7,94.7,241.5,102.9,134.7,37.7,36.7,871.3
TAMIL NADU,2000.0,Actual,30.3,74.5,9.4,41.6,54.7,52.2,45.8,136.1,169.8,120.3,148.6,88.9,972.0
HIMACHAL PRADESH,2000.0,Actual,118.2,119.0,68.1,25.6,79.9,198.0,265.1,126.7,50.1,0.0,10.5,6.9,1068.4
COASTAL KARNATAKA,2000.0,Actual,14.9,0.5,0.9,25.8,216.4,966.8,915.6,741.7,279.2,174.7,12.5,2.4,3351.3
MATATHWADA,2000.0,Actual,0.4,3.8,0.5,0.4,16.3,188.3,157.3,239.5,44.8,30.8,0.7,1.7,684.4
EAST MADHYA PRADESH,2000.0,Actual,0.1,0.0,0.1,0.1,7.4,167.5,377.7,208.2,111.4,1.8,0.0,0.0,874.2
CHHATTISGARH,2000.0,Actual,2.6,0.0,0.6,1.5,9.3,180.7,322.4,215.6,169.1,4.3,0.2,0.1,906.3
KERALA,2000.0,Actual,11.7,57.8,21.5,96.3,124.5,633.8,343.2,566.5,195.8,214.2,78.1,69.1,2412.6
LAKSHADWEEP,2000.0,Actual,83.3,18.9,3.4,47.9,204.6,225.4,95.5,319.9,164.5,141.4,56.3,11.0,1372.1
EAST RAJASTHAN,2000.0,Actual,0.3,0.6,0.4,2.3,21.0,20.2,270.6,95.5,28.7,0.4,0.0,0.1,440.0
SAURASHTRA & KUTCH,2000.0,Actual,0.0,0.0,0.0,0.0,2.9,5.4,224.7,46.2,4.5,2.2,0.0,0.1,286.1
COASTAL ANDHRA PRADESH,2000.0,Actual,0.1,42.4,0.7,19.1,68.4,200.5,154.1,311.5,102.9,69.6,10.6,12.4,992.3
HARYANA DELHI & CHANDIGARH,2000.0,Actual,17.1,29.1,1.4,1.3,22.8,58.9,146.8,87.9,17.5,0.0,0.4,1.2,384.4
WEST RAJASTHAN,2000.0,Actual,0.5,0.5,0.3,3.1,4.3,8.2,171.6,39.6,5.7,1.1,0.5,0.0,235.3
MADHYA MAHARASHTRA,2000.0,Actual,0.4,1.1,0.2,1.7,18.5,173.0,198.7,159.6,87.0,56.5,2.7,2.1,701.6
ARUNACHAL PRADESH,2000.0,Actual,54.1,47.1,139.9,293.8,267.2,459.8,395.4,387.4,407.4,81.3,53.9,9.6,2596.8
UTTARAKHAND,2000.0,Actual,29.9,69.4,37.9,18.1,83.3,313.9,420.1,536.1,195.3,1.1,7.0,0.7,1712.9
NORTH INTERIOR KARNATAKA,2000.0,Actual,0.4,2.6,0.1,8.4,49.0,107.5,127.1,164.6,134.4,115.1,2.8,0.5,712.4
NAGA MANI MIZO TRIPURA,2000.0,Actual,22.5,26.1,129.1,214.2,403.6,325.4,269.2,465.0,298.3,185.2,24.2,1.1,2363.9
WEST UTTAR PRADESH,2000.0,Actual,8.8,22.9,1.7,2.1,23.6,143.0,251.2,238.9,79.1,0.0,0.0,0.0,771.4
ORISSA,2000.0,Actual,0.9,33.3,1.1,21.3,74.7,233.7,272.3,273.6,158.0,26.6,1.6,0.1,1097.2
BIHAR,2000.0,Actual,0.5,12.1,3.6,37.2,96.2,267.2,264.3,201.4,314.8,9.6,0.0,0.1,1207.0
TELANGANA,2000.0,Actual,0.6,16.8,1.0,16.3,48.8,253.2,220.9,420.5,70.7,20.2,6.4,2.5,1078.0
EAST UTTAR PRADESH,2000.0,Actual,2.6,5.3,2.9,10.5,38.6,199.1,240.9,204.7,222.7,1.3,18.1,0.2,946.8
JAMMU & KASHMIR,2000.0,Actual,159.5,106.6,90.4,30.4,51.1,95.5,193.7,123.6,73.2,1.4,21.0,38.2,984.6
ASSAM & MEGHALAYA,2000.0,Actual,20.5,13.7,65.9,238.5,375.1,540.2,313.3,513.2,299.9,83.9,22.2,0.4,2487.0
GUJARAT REGION,2000.0,Actual,0.0,0.1,0.0,0.0,36.1,62.9,301.1,133.0,13.5,0.2,0.0,3.6,550.6
WEST MADHYA PRADESH,2000.0,Actual,0.1,0.0,0.1,0.1,30.1,93.4,320.5,136.2,31.6,1.2,0.0,0.2,0.0
KONKAN & GOA,2000.0,Actual,1.2,0.0,0.0,0.9,190.3,739.4,1200.4,789.5,111.9,91.8,1.6,6.2,3133.2
GUJARAT REGION,2001.0,Actual,6.1,0.0,0.0,0.2,2.1,216.9,320.0,256.8,17.8,28.9,0.2,0.0,849.0
HARYANA DELHI & CHANDIGARH,2001.0,Actual,17.8,5.2,7.2,19.8,47.8,117.2,145.2,103.5,10.3,11.1,0.1,0.2,485.5
JAMMU & KASHMIR,2001.0,Actual,17.4,54.3,81.7,92.8,69.6,121.7,243.9,126.7,53.9,12.7,51.6,26.4,952.7
HIMACHAL PRADESH,2001.0,Actual,30.5,35.7,105.8,66.9,67.3,153.8,239.5,202.3,26.9,5.0,20.8,37.3,991.8
ANDAMAN & NICOBAR ISLANDS,2001.0,Actual,89.0,15.7,143.3,30.1,705.3,370.7,341.3,469.0,334.4,267.6,222.6,91.8,3080.9
UTTARAKHAND,2001.0,Actual,22.7,27.9,83.4,48.2,109.1,297.3,493.0,371.7,68.3,6.3,1.4,15.1,1544.4
SOUTH INTERIOR KARNATAKA,2001.0,Actual,0.5,1.1,1.7,90.6,30.4,127.2,168.2,152.0,189.9,122.7,40.0,2.1,926.3
NORTH INTERIOR KARNATAKA,2001.0,Actual,2.1,0.0,0.1,22.1,13.3,60.9,62.1,108.8,187.1,137.5,2.5,1.4,598.0
KONKAN & GOA,2001.0,Actual,5.6,0.0,0.0,2.8,59.6,540.1,873.4,611.3,207.9,91.6,3.1,0.0,2395.4
ASSAM & MEGHALAYA,2001.0,Actual,5.5,39.7,30.9,198.6,266.4,399.8,451.1,295.6,266.8,201.4,20.5,2.3,2178.4
KERALA,2001.0,Actual,16.5,28.3,7.0,238.0,238.6,715.3,598.5,361.3,216.8,319.6,181.0,10.1,2931.1
TELANGANA,2001.0,Actual,8.5,0.0,21.5,37.3,7.5,183.9,123.8,266.8,119.9,135.6,17.4,0.0,922.3
SAURASHTRA & KUTCH,2001.0,Actual,0.0,0.0,0.0,0.2,0.9,172.9,191.1,116.9,20.6,7.6,0.0,0.0,510.2
COASTAL ANDHRA PRADESH,2001.0,Actual,4.6,3.8,20.0,54.1,50.8,117.2,123.0,170.7,187.2,196.0,78.0,4.1,1009.3
WEST MADHYA PRADESH,2001.0,Actual,2.1,0.0,1.1,6.0,16.4,203.6,269.2,198.9,27.5,62.2,0.0,0.0,787.0
WEST UTTAR PRADESH,2001.0,Actual,2.5,2.3,2.6,12.0,29.6,164.4,282.0,122.1,26.7,16.3,1.1,0.1,661.7
WEST RAJASTHAN,2001.0,Actual,0.5,1.1,0.1,9.5,23.8,48.6,122.9,68.7,2.8,7.3,0.0,0.0,285.3
MADHYA MAHARASHTRA,2001.0,Actual,4.4,0.0,0.3,4.7,8.4,157.9,179.3,160.9,137.3,125.5,5.7,0.5,785.1
ARUNACHAL PRADESH,2001.0,Actual,53.1,66.6,134.9,229.9,195.6,277.2,302.6,279.9,288.1,173.8,19.3,14.9,2036.0
EAST RAJASTHAN,2001.0,Actual,0.9,0.1,0.3,6.4,22.9,100.2,271.4,126.4,7.7,9.2,0.0,5.8,551.2
LAKSHADWEEP,2001.0,Actual,4.4,20.4,0.0,104.6,187.3,283.9,198.9,144.3,213.5,105.2,101.5,16.6,1380.6
RAYALSEEMA,2001.0,Actual,7.7,0.0,6.5,68.2,24.5,24.0,70.1,95.8,195.5,352.5,41.7,38.1,924.5
EAST UTTAR PRADESH,2001.0,Actual,1.1,1.4,1.3,4.2,26.7,229.0,294.0,185.9,152.1,75.3,2.8,0.0,973.8
GANGETIC WEST BENGAL,2001.0,Actual,0.3,1.9,32.8,49.4,175.8,384.2,269.3,248.7,205.9,163.6,8.8,0.0,1540.6
NAGA MANI MIZO TRIPURA,2001.0,Actual,1.5,46.9,38.8,83.6,313.8,478.0,322.6,263.0,269.0,266.4,65.4,0.2,2149.0
EAST MADHYA PRADESH,2001.0,Actual,2.3,0.8,2.4,23.0,12.4,255.5,468.4,243.9,50.4,110.0,1.0,0.0,1170.1
BIHAR,2001.0,Actual,1.0,0.5,3.0,12.6,98.4,224.4,224.7,225.9,274.8,181.3,0.5,0.0,1247.0
COASTAL KARNATAKA,2001.0,Actual,0.6,0.4,0.4,71.4,156.9,930.0,926.9,654.4,151.8,169.7,48.6,0.6,3111.6
SUB HIMALAYAN WEST BENGAL & SIKKIM,2001.0,Actual,4.0,20.5,50.2,134.8,347.2,472.2,399.0,424.5,434.9,282.8,36.6,5.9,2612.6
JHARKHAND,2001.0,Actual,1.9,4.0,30.0,14.0,57.4,324.7,354.6,219.4,132.8,115.5,0.2,0.0,1254.4
PUNJAB,2001.0,Actual,8.0,2.1,6.2,24.5,36.9,93.8,173.9,69.5,19.9,1.5,0.9,3.8,441.0
CHHATTISGARH,2001.0,Actual,0.8,0.3,14.6,17.6,16.6,339.4,630.6,380.3,108.4,86.9,4.6,0.0,1600.1
TAMIL NADU,2001.0,Actual,21.8,10.9,13.0,93.8,45.0,39.9,37.2,18.7,53.8,69.5,52.3,27.6,483.4
MATATHWADA,2001.0,Actual,4.8,0.5,0.5,9.9,0.7,148.7,56.7,255.8,83.5,170.5,0.8,0.0,732.4
VIDARBHA,2001.0,Actual,8.9,0.1,15.2,18.3,7.9,338.6,202.0,359.8,37.4,129.2,4.7,0.0,1122.1
ORISSA,2001.0,Actual,0.4,1.4,32.3,28.7,71.0,336.1,584.2,380.9,132.0,86.8,18.7,0.0,1672.5
COASTAL KARNATAKA,2002.0,Actual,0.6,11.2,0.5,30.9,164.0,764.5,545.7,731.3,163.5,360.0,20.7,0.3,2793.1
ARUNACHAL PRADESH,2002.0,Actual,74.2,37.2,126.3,248.2,197.1,396.8,604.0,290.7,257.9,94.0,45.0,17.9,2389.2
TAMIL NADU,2002.0,Actual,2.9,22.1,3.9,9.2,32.6,23.7,11.8,26.5,32.2,93.7,47.2,12.2,318.0
UTTARAKHAND,2002.0,Actual,53.8,123.2,100.0,76.3,82.3,139.6,205.7,465.4,301.3,19.9,3.0,4.2,1574.7
NORTH INTERIOR KARNATAKA,2002.0,Actual,3.8,7.9,0.3,14.7,40.6,108.2,54.7,118.2,52.2,126.4,3.4,0.0,530.5
MATATHWADA,2002.0,Actual,5.5,4.1,0.7,6.1,8.5,241.8,58.2,223.6,122.4,46.4,4.8,0.0,722.1
NAGA MANI MIZO TRIPURA,2002.0,Actual,18.6,3.9,62.7,143.8,438.7,351.6,462.2,358.4,225.7,98.9,71.9,6.0,2242.3
CHHATTISGARH,2002.0,Actual,41.5,4.9,12.2,3.3,32.1,196.3,138.4,352.4,122.3,57.8,13.3,15.9,990.2
BIHAR,2002.0,Actual,13.4,11.3,2.2,25.0,74.8,116.6,386.1,247.7,192.8,33.8,1.4,0.7,1105.8
SUB HIMALAYAN WEST BENGAL & SIKKIM,2002.0,Actual,30.1,10.0,95.6,237.1,181.7,407.2,743.3,406.6,340.1,75.7,8.7,10.8,2547.0
HIMACHAL PRADESH,2002.0,Actual,66.7,136.5,136.9,124.0,27.0,56.1,81.8,225.6,123.1,8.2,0.7,3.9,990.4
WEST RAJASTHAN,2002.0,Actual,0.3,2.6,1.0,1.4,11.2,26.9,2.4,17.2,20.6,0.1,2.5,6.0,92.4
COASTAL ANDHRA PRADESH,2002.0,Actual,28.0,0.0,7.3,34.8,35.0,115.2,74.7,173.5,71.7,148.7,14.3,0.0,703.2
HARYANA DELHI & CHANDIGARH,2002.0,Actual,11.6,31.1,9.0,1.1,52.0,21.2,19.4,78.2,123.0,1.9,0.0,8.8,357.2
SAURASHTRA & KUTCH,2002.0,Actual,0.0,0.0,0.0,0.0,0.0,166.4,8.0,117.5,15.1,0.2,0.2,0.6,308.1
MADHYA MAHARASHTRA,2002.0,Actual,1.7,3.1,1.0,13.0,14.4,251.9,95.6,221.5,95.8,36.3,5.9,0.0,740.3
RAYALSEEMA,2002.0,Actual,25.6,3.2,7.7,17.5,55.0,90.8,42.9,69.8,78.2,167.5,44.2,12.9,615.2
EAST RAJASTHAN,2002.0,Actual,1.6,11.0,0.1,1.2,8.6,71.4,13.5,130.6,41.2,0.8,0.8,4.5,285.3
GANGETIC WEST BENGAL,2002.0,Actual,26.3,1.5,26.6,77.4,114.1,347.7,281.6,289.3,326.4,71.5,50.9,0.1,1613.3
ORISSA,2002.0,Actual,11.7,0.2,13.1,25.1,67.5,182.4,170.2,371.2,206.5,47.1,7.8,0.0,1102.8
PUNJAB,2002.0,Actual,2.4,6.6,6.8,3.3,20.8,24.7,50.4,58.4,95.0,2.6,0.0,3.7,274.7
JAMMU & KASHMIR,2002.0,Actual,58.7,101.2,105.5,86.3,33.0,94.2,78.7,217.4,97.9,15.2,0.7,14.6,903.5
SOUTH INTERIOR KARNATAKA,2002.0,Actual,2.0,11.4,2.3,20.6,77.2,131.9,92.6,155.1,74.9,168.4,18.8,0.6,755.8
ASSAM & MEGHALAYA,2002.0,Actual,20.2,5.7,83.3,279.9,286.9,502.5,565.1,312.5,209.7,49.5,69.4,7.9,2392.7
KONKAN & GOA,2002.0,Actual,0.0,0.0,0.1,2.8,9.4,942.0,452.8,834.5,217.1,75.3,3.0,0.3,2537.2
KERALA,2002.0,Actual,4.7,8.7,35.7,117.3,330.8,503.1,318.7,438.2,99.0,511.7,137.5,2.1,2507.4
TELANGANA,2002.0,Actual,18.8,10.1,7.6,7.7,32.0,143.2,91.7,321.7,52.4,76.2,3.9,0.0,765.3
EAST UTTAR PRADESH,2002.0,Actual,15.0,26.1,0.6,2.5,29.2,50.6,101.7,212.1,226.7,20.6,1.4,2.7,689.1
ANDAMAN & NICOBAR ISLANDS,2002.0,Actual,10.6,0.0,11.5,100.2,366.7,358.3,317.4,429.8,420.0,169.0,306.7,129.9,2620.2
WEST MADHYA PRADESH,2002.0,Actual,0.4,19.7,1.5,1.7,3.9,138.9,46.9,317.7,141.0,5.9,5.9,0.8,684.1
LAKSHADWEEP,2002.0,Actual,10.8,16.8,7.2,23.4,189.8,261.8,81.3,143.9,50.0,178.2,52.9,17.4,1033.5
GUJARAT REGION,2002.0,Actual,4.1,0.0,0.1,0.0,0.0,234.2,45.8,238.5,113.7,0.6,0.1,0.1,637.2
VIDARBHA,2002.0,Actual,2.4,4.0,1.1,2.9,8.2,301.1,88.1,352.5,128.6,35.2,1.9,0.1,925.8
WEST UTTAR PRADESH,2002.0,Actual,16.8,37.6,2.0,0.7,21.5,29.0,29.6,252.3,218.1,6.7,0.4,10.5,625.2
JHARKHAND,2002.0,Actual,9.0,5.4,10.7,11.5,38.7,184.9,186.8,277.4,253.4,55.0,1.3,0.8,1034.9
EAST MADHYA PRADESH,2002.0,Actual,1.8,29.6,1.2,0.2,5.2,93.5,84.7,491.8,192.1,43.1,5.6,1.2,950.2
EAST UTTAR PRADESH,2003.0,Actual,13.8,36.9,2.6,8.8,2.0,124.9,255.2,301.4,333.8,7.6,0.0,9.3,1096.4
BIHAR,2003.0,Actual,13.2,39.7,10.2,21.9,41.4,230.9,356.8,310.6,183.9,142.0,0.2,3.0,1353.9
VIDARBHA,2003.0,Actual,0.0,4.4,3.6,2.7,3.0,140.2,401.0,280.9,138.0,42.6,0.8,1.3,1018.6
GANGETIC WEST BENGAL,2003.0,Actual,0.5,11.7,70.0,36.3,81.9,280.5,253.4,239.3,155.0,341.5,8.9,17.7,1496.7
PUNJAB,2003.0,Actual,10.6,56.4,19.4,3.0,3.9,40.7,136.7,94.7,52.2,0.0,2.2,5.0,424.6
WEST MADHYA PRADESH,2003.0,Actual,1.1,21.1,0.1,1.0,0.3,128.7,307.5,228.0,254.9,0.9,0.2,2.5,946.4
GUJARAT REGION,2003.0,Actual,0.0,6.1,0.1,0.0,0.0,209.3,518.7,314.6,109.5,1.9,0.0,0.0,1160.3
EAST MADHYA PRADESH,2003.0,Actual,0.7,59.6,2.2,1.0,0.4,119.9,366.8,370.2,493.3,20.5,0.5,2.9,1438.1
ANDAMAN & NICOBAR ISLANDS,2003.0,Actual,44.3,7.9,149.2,19.4,296.3,159.9,494.9,379.4,371.9,310.4,74.1,48.0,2355.9
COASTAL KARNATAKA,2003.0,Actual,0.1,3.6,8.4,37.3,10.2,973.8,970.6,637.5,236.0,183.7,10.7,0.0,3071.9
RAYALSEEMA,2003.0,Actual,0.0,1.3,26.1,15.0,4.1,57.4,183.4,116.4,124.9,175.5,11.7,9.6,725.5
EAST RAJASTHAN,2003.0,Actual,4.1,21.4,0.5,0.2,3.5,76.6,245.8,178.5,93.6,0.1,0.0,2.3,626.6
WEST RAJASTHAN,2003.0,Actual,2.5,21.2,0.8,0.4,1.8,45.2,188.4,93.6,13.9,0.2,0.0,0.1,368.1
SAURASHTRA & KUTCH,2003.0,Actual,0.0,0.4,0.0,0.0,0.0,68.2,402.2,190.7,21.7,3.0,0.0,0.0,686.2
CHHATTISGARH,2003.0,Actual,3.7,17.7,12.1,2.6,0.7,128.7,446.6,519.7,384.1,157.6,5.8,14.9,1694.3
ASSAM & MEGHALAYA,2003.0,Actual,9.5,41.5,96.9,213.8,235.8,551.4,481.2,290.7,250.0,231.8,13.0,18.6,2434.1
COASTAL ANDHRA PRADESH,2003.0,Actual,6.2,19.4,40.7,19.4,12.2,104.0,241.7,158.3,130.2,252.3,11.5,101.1,1096.8
HARYANA DELHI & CHANDIGARH,2003.0,Actual,14.7,29.9,4.0,1.8,7.5,26.6,277.6,165.3,58.9,0.0,0.1,11.0,597.6
TAMIL NADU,2003.0,Actual,0.3,4.1,18.0,17.1,19.8,22.5,38.7,49.3,26.1,86.0,59.5,7.1,348.5
NORTH INTERIOR KARNATAKA,2003.0,Actual,0.3,1.5,15.2,24.9,3.5,66.9,94.4,104.0,64.3,92.1,4.2,2.2,473.5
ARUNACHAL PRADESH,2003.0,Actual,22.9,83.2,109.6,182.0,173.5,424.3,645.3,327.2,259.9,182.6,25.0,16.2,2451.8
MADHYA MAHARASHTRA,2003.0,Actual,0.8,2.2,1.5,5.7,15.1,210.8,208.7,178.4,116.2,29.5,3.5,0.1,772.6
UTTARAKHAND,2003.0,Actual,40.7,126.0,99.7,54.1,67.1,145.2,515.3,416.2,239.9,1.8,4.8,23.6,1734.3
LAKSHADWEEP,2003.0,Actual,11.8,18.2,28.5,18.1,109.6,364.5,400.6,92.1,84.3,191.6,206.1,7.5,1532.9
JAMMU & KASHMIR,2003.0,Actual,26.9,267.2,170.9,117.5,111.3,41.0,136.0,185.5,126.1,13.3,33.7,81.7,1311.1
ORISSA,2003.0,Actual,0.1,16.2,21.6,24.7,22.6,178.9,367.5,425.1,264.3,287.4,11.0,28.8,1648.2
KERALA,2003.0,Actual,0.7,50.9,82.1,134.4,91.0,566.7,532.0,350.3,93.6,407.0,76.4,9.7,2394.9
KONKAN & GOA,2003.0,Actual,0.5,0.6,0.8,1.2,11.2,865.3,1013.9,593.7,298.7,54.4,1.9,0.0,2842.3
SOUTH INTERIOR KARNATAKA,2003.0,Actual,0.1,4.2,20.1,36.4,9.6,118.2,162.5,152.2,51.9,192.4,11.5,3.6,762.8
TELANGANA,2003.0,Actual,0.0,10.7,21.9,14.0,7.9,112.6,312.2,266.5,103.2,101.7,7.3,5.3,963.2
WEST UTTAR PRADESH,2003.0,Actual,18.6,40.4,2.5,4.4,5.9,74.1,315.6,214.2,356.6,0.7,0.8,13.6,1047.5
JHARKHAND,2003.0,Actual,3.3,30.5,33.6,17.9,21.5,152.4,247.5,245.1,224.0,255.5,6.2,7.4,1245.0
NAGA MANI MIZO TRIPURA,2003.0,Actual,3.8,11.5,78.0,158.9,265.6,590.9,262.4,281.7,288.4,175.1,5.1,40.9,2162.2
MATATHWADA,2003.0,Actual,2.1,1.3,2.3,4.9,28.5,117.6,255.9,183.9,95.7,22.1,4.9,0.8,720.1
SUB HIMALAYAN WEST BENGAL & SIKKIM,2003.0,Actual,17.0,79.2,90.1,171.4,211.7,516.6,703.0,354.0,321.4,223.0,16.4,19.2,2723.3
HIMACHAL PRADESH,2003.0,Actual,39.5,116.6,113.0,52.9,35.9,61.4,187.7,228.7,135.5,0.3,22.5,40.4,1034.5
ANDAMAN & NICOBAR ISLANDS,2004.0,Actual,54.5,35.9,36.5,41.6,505.1,423.9,378.9,308.7,280.7,223.9,169.9,0.4,2460.1
GUJARAT REGION,2004.0,Actual,0.0,0.0,0.0,0.0,4.4,135.5,238.2,553.7,51.8,22.2,0.0,0.0,1005.8
EAST MADHYA PRADESH,2004.0,Actual,19.8,0.4,0.0,1.7,3.9,208.1,203.1,369.1,119.9,25.2,4.1,0.0,955.3
LAKSHADWEEP,2004.0,Actual,7.2,1.5,1.9,7.7,330.2,251.2,280.8,169.5,200.0,193.4,107.6,2.2,1553.2
ORISSA,2004.0,Actual,6.8,8.0,6.4,49.2,29.7,216.4,328.0,346.4,148.1,149.6,1.8,0.0,1290.4
PUNJAB,2004.0,Actual,32.4,5.7,0.0,15.5,27.2,48.8,52.1,124.2,8.9,31.2,0.8,5.0,351.7
ARUNACHAL PRADESH,2004.0,Actual,38.0,39.1,175.5,210.2,298.7,402.9,654.3,243.0,278.5,184.8,5.6,15.2,2545.7
KONKAN & GOA,2004.0,Actual,0.0,0.0,0.0,10.4,46.9,678.6,902.3,1011.5,293.3,32.9,10.2,0.0,2985.9
ASSAM & MEGHALAYA,2004.0,Actual,15.3,19.5,72.8,340.8,342.2,397.9,848.4,286.2,317.2,340.8,6.5,6.6,2994.3
KERALA,2004.0,Actual,2.4,8.1,37.9,113.2,610.9,673.4,385.4,417.9,192.8,320.6,120.7,2.7,2886.1
SUB HIMALAYAN WEST BENGAL & SIKKIM,2004.0,Actual,19.9,11.5,40.5,163.5,287.5,489.5,739.5,356.4,394.7,198.4,9.0,4.4,2714.7
EAST RAJASTHAN,2004.0,Actual,2.5,0.0,0.0,2.2,9.3,52.8,105.8,380.9,24.7,27.5,0.4,0.1,606.2
RAYALSEEMA,2004.0,Actual,10.2,4.3,12.9,35.1,149.7,39.8,122.9,23.1,153.7,124.4,65.6,0.0,741.7
TELANGANA,2004.0,Actual,34.4,17.9,9.3,25.9,34.6,64.6,216.7,117.7,110.1,30.6,5.3,0.0,667.0
WEST MADHYA PRADESH,2004.0,Actual,16.8,0.0,0.0,0.4,4.8,83.7,218.0,421.9,55.7,43.7,2.2,0.8,848.1
BIHAR,2004.0,Actual,22.7,2.1,2.2,32.0,72.7,246.8,418.4,175.9,115.3,56.4,3.1,0.0,1147.8
EAST UTTAR PRADESH,2004.0,Actual,22.8,1.8,0.0,8.7,25.8,161.0,219.5,147.6,126.5,33.0,0.1,0.1,746.9
COASTAL KARNATAKA,2004.0,Actual,0.0,0.0,6.3,24.7,329.2,805.8,718.1,874.5,154.4,104.7,52.1,0.0,3070.0
GANGETIC WEST BENGAL,2004.0,Actual,3.3,1.6,14.9,62.8,72.9,287.5,250.7,389.9,264.3,220.7,0.0,0.8,1569.4
WEST RAJASTHAN,2004.0,Actual,2.4,0.0,0.0,4.8,6.0,33.5,26.9,94.3,8.6,18.7,0.0,1.6,196.7
HARYANA DELHI & CHANDIGARH,2004.0,Actual,25.4,0.3,0.0,18.1,40.7,52.5,19.9,252.9,22.1,54.1,0.0,1.2,487.3
NAGA MANI MIZO TRIPURA,2004.0,Actual,4.8,2.7,11.0,341.5,211.0,449.2,558.6,284.3,351.0,132.7,6.4,0.5,2353.7
UTTARAKHAND,2004.0,Actual,58.5,11.7,0.0,51.5,66.0,130.7,400.9,326.3,96.8,70.7,0.8,5.7,1219.6
SAURASHTRA & KUTCH,2004.0,Actual,0.2,0.0,0.0,0.0,13.6,95.0,90.0,227.7,36.1,19.7,0.0,0.0,482.2
VIDARBHA,2004.0,Actual,10.3,5.5,0.6,3.5,12.2,137.9,217.7,223.1,86.3,27.7,6.9,0.2,731.9
COASTAL ANDHRA PRADESH,2004.0,Actual,24.0,11.4,11.6,40.1,57.6,152.8,192.1,125.0,101.7,147.9,9.4,0.2,873.6
JHARKHAND,2004.0,Actual,5.5,2.7,3.1,41.0,31.1,184.4,200.7,327.0,211.5,128.1,0.1,1.6,1136.6
TAMIL NADU,2004.0,Actual,2.8,0.7,3.0,16.2,101.1,21.2,98.6,85.1,208.3,271.1,204.5,25.0,1037.6
SOUTH INTERIOR KARNATAKA,2004.0,Actual,9.1,12.8,16.4,62.2,180.2,196.6,191.7,211.1,117.5,101.5,24.0,10.4,1133.4
JAMMU & KASHMIR,2004.0,Actual,176.0,70.6,21.2,118.9,87.5,95.2,118.0,77.9,40.5,73.3,23.3,42.4,944.9
NORTH INTERIOR KARNATAKA,2004.0,Actual,2.6,2.7,1.6,29.9,93.8,106.1,111.7,92.8,134.6,61.6,4.3,0.2,641.9
HIMACHAL PRADESH,2004.0,Actual,86.2,43.0,5.9,54.7,57.6,76.1,141.3,202.5,47.6,104.7,9.3,49.4,878.5
CHHATTISGARH,2004.0,Actual,37.8,16.7,3.1,21.2,6.8,213.1,323.1,351.7,126.5,43.9,0.7,0.1,1144.5
WEST UTTAR PRADESH,2004.0,Actual,20.6,0.7,0.0,20.0,21.7,59.3,124.2,250.5,84.0,60.5,0.7,0.2,642.3
MATATHWADA,2004.0,Actual,1.2,0.4,5.5,1.9,30.4,100.0,201.7,75.0,177.2,58.1,27.2,0.0,678.7
MADHYA MAHARASHTRA,2004.0,Actual,0.1,0.1,0.0,4.7,49.0,215.9,174.2,354.1,181.2,42.1,8.0,0.1,1029.5
JHARKHAND,2005.0,Actual,22.1,17.5,17.7,9.6,23.5,157.2,266.4,214.5,141.5,83.1,1.3,6.1,960.4
KERALA,2005.0,Actual,19.8,7.0,25.3,205.9,134.8,619.2,832.7,291.0,414.7,240.1,184.3,56.4,3031.1
ORISSA,2005.0,Actual,29.4,4.0,24.3,20.9,44.9,199.4,410.3,201.0,342.8,206.9,12.4,7.1,1503.4
PUNJAB,2005.0,Actual,35.8,60.3,28.6,8.4,5.2,34.6,176.7,95.3,106.7,0.4,0.0,0.0,552.0
EAST UTTAR PRADESH,2005.0,Actual,14.0,14.0,10.3,0.9,8.0,57.5,290.3,227.3,119.7,25.2,0.0,2.9,770.3
GANGETIC WEST BENGAL,2005.0,Actual,26.8,11.8,82.8,41.8,82.4,200.1,354.5,226.7,221.3,351.7,0.0,4.9,1604.9
TELANGANA,2005.0,Actual,43.4,14.1,14.6,23.8,19.7,115.1,400.3,126.9,246.3,136.1,3.9,18.8,1163.1
VIDARBHA,2005.0,Actual,74.9,7.0,7.2,1.9,2.6,144.4,393.2,249.2,246.8,87.2,0.0,0.2,1214.6
NAGA MANI MIZO TRIPURA,2005.0,Actual,6.4,15.0,118.6,98.1,237.0,212.3,301.5,334.8,292.6,194.3,15.6,10.5,1836.7
COASTAL KARNATAKA,2005.0,Actual,0.5,0.2,0.0,72.5,45.0,821.6,1177.3,692.0,456.2,178.7,24.6,2.3,3470.9
TAMIL NADU,2005.0,Actual,4.1,11.1,24.4,128.0,80.6,35.7,87.9,93.3,117.9,280.5,353.4,148.5,1365.3
MATATHWADA,2005.0,Actual,13.2,0.7,11.6,1.6,2.1,59.7,413.5,124.1,213.5,100.5,0.0,0.0,940.5
MADHYA MAHARASHTRA,2005.0,Actual,3.6,0.4,1.6,11.1,7.8,240.5,361.2,256.1,276.4,62.7,0.0,0.0,1221.3
WEST RAJASTHAN,2005.0,Actual,1.4,14.2,8.7,6.3,14.5,29.2,86.1,24.3,75.8,0.0,0.1,0.0,260.8
COASTAL ANDHRA PRADESH,2005.0,Actual,13.6,8.0,17.4,32.2,48.4,88.1,151.5,105.9,398.1,298.0,56.2,4.2,1221.6
WEST UTTAR PRADESH,2005.0,Actual,10.1,17.9,22.6,1.2,6.9,67.1,298.2,96.0,202.5,2.5,0.0,0.6,725.7
SAURASHTRA & KUTCH,2005.0,Actual,0.0,0.0,0.0,0.2,0.2,201.2,126.7,68.4,233.1,1.7,0.0,0.0,631.6
CHHATTISGARH,2005.0,Actual,57.6,15.6,6.1,6.5,16.4,197.0,393.8,267.7,240.5,83.5,1.6,1.0,1287.2
ANDAMAN & NICOBAR ISLANDS,2005.0,Actual,0.0,0.0,20.3,51.1,305.3,452.4,429.3,311.1,507.5,293.5,300.1,283.9,2954.7
KONKAN & GOA,2005.0,Actual,1.3,0.1,1.9,4.0,9.8,730.2,1340.9,772.2,678.8,76.5,0.0,0.1,3615.7
ASSAM & MEGHALAYA,2005.0,Actual,22.8,30.5,172.2,207.5,281.2,373.9,474.5,501.9,174.9,218.6,8.9,1.3,2468.3
EAST RAJASTHAN,2005.0,Actual,0.4,3.6,5.7,6.2,4.8,55.6,239.0,80.0,172.5,0.0,0.0,0.0,567.9
ARUNACHAL PRADESH,2005.0,Actual,48.4,167.6,229.5,195.3,179.8,269.3,430.8,400.0,243.6,139.3,28.6,3.3,2335.5
RAYALSEEMA,2005.0,Actual,1.3,13.6,14.7,38.5,48.4,51.2,133.2,106.6,127.6,304.8,144.8,81.7,1066.4
NORTH INTERIOR KARNATAKA,2005.0,Actual,5.8,0.8,5.5,52.5,34.5,98.7,219.4,123.3,159.7,102.3,5.0,0.1,807.5
EAST MADHYA PRADESH,2005.0,Actual,35.2,10.6,27.4,3.4,41.7,163.9,597.2,256.6,198.4,27.6,0.0,4.4,1366.4
BIHAR,2005.0,Actual,13.9,14.3,12.1,7.7,28.6,82.5,300.0,309.1,105.1,34.3,0.0,0.2,907.8
LAKSHADWEEP,2005.0,Actual,17.6,11.1,0.0,37.0,92.8,248.5,378.9,102.4,278.0,164.2,218.3,26.6,1575.4
SUB HIMALAYAN WEST BENGAL & SIKKIM,2005.0,Actual,19.5,21.0,132.1,155.5,254.0,446.5,704.3,564.5,229.9,271.1,8.8,0.5,2807.7
WEST MADHYA PRADESH,2005.0,Actual,13.7,3.1,12.3,6.1,1.9,81.2,345.7,130.5,155.1,1.3,0.0,1.4,752.2
GUJARAT REGION,2005.0,Actual,0.0,0.0,0.0,0.0,0.3,367.3,378.7,229.4,339.2,1.4,0.0,0.0,1316.4
JAMMU & KASHMIR,2005.0,Actual,296.0,403.5,189.7,64.9,92.0,41.6,440.3,77.7,50.0,14.6,21.8,0.5,1692.7
SOUTH INTERIOR KARNATAKA,2005.0,Actual,7.2,3.9,3.2,76.0,74.7,138.7,333.5,233.2,145.5,241.8,56.3,5.3,1319.3
HIMACHAL PRADESH,2005.0,Actual,147.8,222.9,143.3,35.2,52.4,52.6,317.2,114.2,156.3,1.8,0.3,4.5,1248.5
HARYANA DELHI & CHANDIGARH,2005.0,Actual,13.9,35.7,29.9,2.7,7.6,53.9,175.6,52.6,146.7,0.0,0.8,0.0,519.5
UTTARAKHAND,2005.0,Actual,64.1,83.2,54.2,12.8,52.1,74.0,400.1,249.2,337.9,14.1,2.2,4.3,1348.2
UTTARAKHAND,2006.0,Actual,48.7,9.6,71.7,52.2,120.5,104.2,345.6,294.7,79.1,18.8,6.8,27.0,1178.9
COASTAL ANDHRA PRADESH,2006.0,Actual,0.0,0.0,30.7,58.0,67.6,132.0,126.8,279.7,224.1,185.4,55.3,0.0,1159.6
GUJARAT REGION,2006.0,Actual,0.0,0.0,0.8,0.0,0.2,123.5,576.0,624.8,140.6,9.2,2.9,0.0,1478.0
EAST MADHYA PRADESH,2006.0,Actual,0.0,0.0,50.3,14.2,18.0,56.3,373.8,328.3,74.1,13.0,12.3,3.0,943.4
ORISSA,2006.0,Actual,0.2,0.0,29.9,25.0,105.6,175.2,454.0,624.9,254.7,26.4,21.0,0.0,1716.9
HIMACHAL PRADESH,2006.0,Actual,102.5,38.2,137.3,44.3,68.4,104.8,260.3,274.2,92.8,17.5,26.9,51.2,1218.4
PUNJAB,2006.0,Actual,15.0,3.7,46.1,1.3,32.1,73.0,220.3,90.8,120.7,24.6,13.4,6.7,647.7
EAST UTTAR PRADESH,2006.0,Actual,0.0,0.0,10.7,7.8,27.1,107.4,269.1,146.7,51.5,9.1,1.2,1.5,632.1
ANDAMAN & NICOBAR ISLANDS,2006.0,Actual,16.3,14.4,48.9,163.7,321.4,366.0,182.7,219.6,546.5,374.7,76.1,74.4,2404.7
TAMIL NADU,2006.0,Actual,15.3,0.2,52.4,32.6,65.2,57.2,33.6,73.4,116.3,240.4,215.1,26.1,927.9
SOUTH INTERIOR KARNATAKA,2006.0,Actual,0.2,0.1,35.4,24.7,127.1,183.7,226.7,172.9,112.0,61.7,84.9,1.1,1030.5
MADHYA MAHARASHTRA,2006.0,Actual,0.0,0.0,7.1,0.2,42.3,205.3,416.4,421.7,217.0,60.1,25.5,0.0,1395.7
LAKSHADWEEP,2006.0,Actual,20.1,0.0,33.0,0.3,327.9,286.9,172.3,150.7,318.5,119.1,158.9,10.9,1598.6
TELANGANA,2006.0,Actual,0.0,0.0,42.7,38.6,46.1,104.8,169.5,308.2,280.2,28.1,34.7,0.0,1053.0
COASTAL KARNATAKA,2006.0,Actual,1.0,0.0,4.7,5.9,355.7,800.1,1100.8,855.6,404.1,212.0,97.4,0.0,3837.3
WEST RAJASTHAN,2006.0,Actual,0.0,0.0,16.9,3.4,8.3,36.9,52.7,203.6,31.3,5.3,0.4,2.5,361.3
KERALA,2006.0,Actual,8.1,0.5,90.7,65.3,521.2,482.4,804.0,432.6,474.8,376.4,162.8,1.8,3420.6
RAYALSEEMA,2006.0,Actual,0.2,0.0,32.8,9.7,62.7,85.8,43.2,72.0,144.7,88.4,78.6,20.0,638.1
SAURASHTRA & KUTCH,2006.0,Actual,0.0,0.0,1.9,0.0,0.0,66.2,373.4,189.8,68.2,1.4,0.3,0.6,701.8
ASSAM & MEGHALAYA,2006.0,Actual,0.7,40.9,20.8,169.0,325.7,395.9,350.3,209.7,252.3,97.6,25.1,10.7,1898.6
BIHAR,2006.0,Actual,0.1,0.0,1.9,19.2,73.2,200.0,290.7,160.4,285.2,17.6,2.9,1.6,1052.8
MATATHWADA,2006.0,Actual,0.0,0.0,30.7,1.6,26.7,134.7,116.2,301.3,209.4,47.7,4.6,0.0,872.9
KONKAN & GOA,2006.0,Actual,0.0,0.0,9.9,0.0,211.8,683.1,1066.2,886.4,399.9,202.4,22.5,0.0,3482.2
WEST UTTAR PRADESH,2006.0,Actual,0.5,0.0,20.2,4.0,34.1,66.6,241.6,78.1,65.7,16.7,0.7,1.0,529.3
ARUNACHAL PRADESH,2006.0,Actual,6.0,103.7,63.3,202.7,321.7,520.4,382.2,227.6,263.2,77.2,69.7,21.7,2259.6
VIDARBHA,2006.0,Actual,0.0,0.0,50.6,16.2,20.9,115.0,360.8,421.4,175.8,43.7,11.1,0.0,1215.6
HARYANA DELHI & CHANDIGARH,2006.0,Actual,2.3,0.1,30.4,0.6,24.8,45.4,135.2,32.1,49.9,3.8,1.2,5.2,330.9
SUB HIMALAYAN WEST BENGAL & SIKKIM,2006.0,Actual,0.7,17.0,39.8,119.3,270.5,446.2,470.2,295.0,456.8,118.4,20.3,7.9,2262.1
CHHATTISGARH,2006.0,Actual,2.7,0.0,26.2,17.2,23.5,92.2,495.1,447.2,184.6,13.3,15.1,0.7,1317.7
EAST RAJASTHAN,2006.0,Actual,0.0,0.0,11.9,0.4,13.1,73.8,215.9,341.5,88.9,2.4,0.1,0.5,748.4
NORTH INTERIOR KARNATAKA,2006.0,Actual,0.0,0.0,16.8,12.1,79.0,130.2,113.9,89.1,136.8,43.6,29.0,0.0,650.6
WEST MADHYA PRADESH,2006.0,Actual,0.0,0.0,44.3,3.3,22.8,74.5,299.0,501.9,198.1,13.7,8.6,3.0,1169.2
NAGA MANI MIZO TRIPURA,2006.0,Actual,0.6,12.4,5.5,111.1,382.2,445.6,335.0,241.6,231.1,90.4,13.0,3.7,1872.0
JHARKHAND,2006.0,Actual,0.3,0.2,22.4,15.7,107.4,198.3,447.1,337.2,298.7,24.6,7.4,0.0,1459.5
GANGETIC WEST BENGAL,2006.0,Actual,0.8,3.0,10.6,60.5,120.8,221.0,486.6,320.3,380.9,49.7,5.9,0.3,1660.5
JAMMU & KASHMIR,2006.0,Actual,200.3,92.3,96.8,34.4,43.8,74.3,209.0,331.5,203.0,46.2,72.5,115.8,1519.8
TELANGANA,2007.0,Actual,0.0,0.0,0.1,0.1,9.2,176.6,134.6,206.6,262.3,40.8,13.0,0.0,843.3
EAST UTTAR PRADESH,2007.0,Actual,0.1,46.6,25.8,3.2,28.3,64.5,265.2,180.4,111.5,14.6,0.0,1.1,741.2
TAMIL NADU,2007.0,Actual,7.2,7.5,1.8,58.0,44.9,73.1,101.0,136.5,89.1,248.9,79.2,219.9,1067.2
ARUNACHAL PRADESH,2007.0,Actual,13.4,97.4,48.1,292.4,250.4,530.2,761.0,364.6,529.3,102.6,24.3,6.9,3020.7
EAST RAJASTHAN,2007.0,Actual,0.7,16.8,10.6,1.5,5.5,63.0,223.0,167.9,86.1,0.0,0.0,0.5,575.7
COASTAL KARNATAKA,2007.0,Actual,0.0,0.0,0.6,40.2,61.1,952.0,1004.4,980.4,630.5,152.8,37.5,0.8,3860.2
RAYALSEEMA,2007.0,Actual,0.0,0.5,0.1,6.0,15.1,208.2,83.8,186.9,186.0,176.9,35.3,81.8,980.6
EAST MADHYA PRADESH,2007.0,Actual,7.0,26.3,8.6,2.9,6.2,74.8,207.8,162.6,130.1,3.1,22.8,1.5,653.8
GUJARAT REGION,2007.0,Actual,0.1,0.4,0.0,0.0,0.3,94.0,567.8,345.6,169.4,0.0,1.4,0.0,1178.9
ASSAM & MEGHALAYA,2007.0,Actual,1.5,73.7,23.5,242.7,219.8,489.7,682.7,308.0,494.7,164.7,47.7,4.0,2752.8
NORTH INTERIOR KARNATAKA,2007.0,Actual,11.7,6.8,7.7,27.0,38.9,215.5,117.2,143.4,205.4,40.5,13.5,9.2,836.9
LAKSHADWEEP,2007.0,Actual,2.5,4.2,0.2,22.2,166.2,573.4,427.4,294.7,457.5,256.1,47.6,109.6,2361.6
HIMACHAL PRADESH,2007.0,Actual,1.3,121.0,177.0,9.6,39.3,155.7,155.2,234.3,85.7,18.7,1.0,35.6,1034.5
KERALA,2007.0,Actual,0.5,5.6,7.3,138.5,192.7,705.9,966.3,489.6,526.7,357.2,87.4,11.9,3489.6
WEST MADHYA PRADESH,2007.0,Actual,1.7,11.5,2.6,0.6,14.6,99.9,305.6,220.6,138.3,0.0,10.5,0.6,806.5
NAGA MANI MIZO TRIPURA,2007.0,Actual,7.9,54.7,28.7,220.4,276.7,446.3,430.0,373.8,426.6,180.5,82.6,10.1,2538.2
ANDAMAN & NICOBAR ISLANDS,2007.0,Actual,4.9,1.6,5.0,54.6,370.0,378.3,463.2,465.3,486.4,209.4,223.9,85.6,2748.0
SAURASHTRA & KUTCH,2007.0,Actual,0.0,1.9,0.1,0.0,0.2,114.1,209.2,405.4,157.0,1.7,1.2,0.0,890.7
UTTARAKHAND,2007.0,Actual,1.7,138.9,123.1,41.1,78.8,139.9,522.9,502.8,325.6,25.1,7.8,16.7,1924.3
COASTAL ANDHRA PRADESH,2007.0,Actual,0.0,5.1,0.1,8.5,13.0,300.1,141.0,164.4,287.1,167.7,11.9,0.5,1099.2
PUNJAB,2007.0,Actual,1.2,68.8,48.2,10.0,5.9,64.4,95.1,215.4,73.7,0.6,0.9,10.6,594.8
GANGETIC WEST BENGAL,2007.0,Actual,3.9,56.2,39.3,38.7,98.7,226.3,610.1,328.0,459.9,55.8,24.6,0.0,1941.4
CHHATTISGARH,2007.0,Actual,0.0,15.7,6.2,11.4,10.4,259.4,309.9,338.8,259.1,67.8,2.0,0.5,1281.2
SUB HIMALAYAN WEST BENGAL & SIKKIM,2007.0,Actual,3.1,81.1,46.6,160.1,215.1,485.1,686.3,412.4,458.6,79.5,8.8,2.0,2638.9
BIHAR,2007.0,Actual,0.2,34.2,25.4,20.3,94.4,170.4,549.4,340.6,309.0,39.6,9.1,7.5,1600.2
WEST UTTAR PRADESH,2007.0,Actual,0.4,66.9,37.4,0.9,11.0,88.4,155.1,152.2,57.0,1.8,0.0,1.4,572.5
JAMMU & KASHMIR,2007.0,Actual,12.3,116.7,259.3,15.0,65.6,143.9,132.4,196.8,33.0,1.6,0.0,47.0,1023.5
MATATHWADA,2007.0,Actual,0.0,0.0,0.1,0.7,10.0,185.4,123.1,146.2,240.7,0.9,7.5,0.0,714.6
HARYANA DELHI & CHANDIGARH,2007.0,Actual,0.5,76.0,40.1,2.0,12.4,88.7,82.0,87.9,55.2,0.1,0.3,1.4,446.6
JHARKHAND,2007.0,Actual,1.7,48.4,25.5,22.3,58.1,125.4,430.4,353.6,324.7,39.6,7.6,0.0,1437.3
VIDARBHA,2007.0,Actual,0.1,1.3,1.4,3.2,1.2,256.7,349.1,282.4,241.8,27.3,2.5,0.0,1167.0
SOUTH INTERIOR KARNATAKA,2007.0,Actual,0.1,0.3,0.9,39.8,76.7,216.7,267.2,245.5,198.5,152.5,18.2,14.6,1231.0
KONKAN & GOA,2007.0,Actual,0.0,0.0,0.1,3.3,33.4,939.3,841.3,980.2,609.0,45.6,16.0,0.1,3468.5
WEST RAJASTHAN,2007.0,Actual,0.0,34.9,22.0,2.3,3.8,41.2,90.5,69.4,45.6,0.0,0.1,0.9,310.8
MADHYA MAHARASHTRA,2007.0,Actual,1.3,0.4,0.0,2.1,5.5,266.9,293.5,274.2,189.2,3.4,3.9,0.0,1040.4
ORISSA,2007.0,Actual,0.7,32.5,8.0,21.0,62.8,321.0,285.1,420.6,401.7,66.4,14.0,0.0,1633.8
KONKAN & GOA,2008.0,Actual,0.0,0.1,31.5,0.3,11.1,798.5,766.6,833.1,551.2,57.3,0.9,2.4,3053.1
NORTH INTERIOR KARNATAKA,2008.0,Actual,0.4,9.2,109.2,22.8,29.2,71.6,80.6,147.7,152.5,54.1,29.8,5.3,712.4
MATATHWADA,2008.0,Actual,0.1,0.1,14.6,3.7,1.8,66.7,106.5,150.8,267.8,33.8,0.3,0.1,646.3
ANDAMAN & NICOBAR ISLANDS,2008.0,Actual,9.9,67.7,115.8,216.1,545.5,457.8,511.2,482.1,332.0,243.7,321.1,72.0,3374.8
HARYANA DELHI & CHANDIGARH,2008.0,Actual,2.4,0.4,0.6,13.4,72.9,193.5,124.3,174.2,114.5,8.4,5.5,0.2,710.4
WEST MADHYA PRADESH,2008.0,Actual,0.4,0.0,2.5,2.5,3.8,194.2,221.8,205.8,139.7,12.9,7.5,0.0,791.1
ORISSA,2008.0,Actual,27.5,10.4,17.5,28.2,37.4,343.5,306.4,388.3,355.0,22.1,2.7,0.0,1538.9
ARUNACHAL PRADESH,2008.0,Actual,76.7,39.7,122.6,192.4,185.0,423.6,456.1,439.3,189.7,115.1,1.7,2.6,2244.4
BIHAR,2008.0,Actual,25.6,4.4,3.2,10.4,48.9,291.2,397.2,278.1,117.1,21.4,0.1,0.0,1197.7
SUB HIMALAYAN WEST BENGAL & SIKKIM,2008.0,Actual,33.2,22.1,79.8,141.8,171.4,526.5,657.7,636.3,296.7,97.9,16.9,9.5,2689.9
SOUTH INTERIOR KARNATAKA,2008.0,Actual,0.8,20.7,108.9,24.9,66.3,149.8,203.4,269.8,141.4,117.1,32.3,5.2,1140.6
LAKSHADWEEP,2008.0,Actual,5.5,19.8,120.7,15.8,180.4,254.6,363.9,206.6,108.9,252.9,67.6,130.1,1726.8
MADHYA MAHARASHTRA,2008.0,Actual,0.0,0.0,18.1,0.6,1.1,107.9,157.9,257.6,312.4,56.6,3.7,0.9,916.9
COASTAL KARNATAKA,2008.0,Actual,0.0,14.8,161.4,33.4,64.3,850.7,687.8,886.3,383.3,91.6,19.3,13.5,3206.4
WEST UTTAR PRADESH,2008.0,Actual,0.9,0.2,0.0,4.0,24.8,193.8,258.5,217.4,90.9,5.1,4.0,0.0,799.8
GUJARAT REGION,2008.0,Actual,0.0,0.0,0.0,3.1,0.1,58.2,261.9,369.5,204.3,11.6,0.1,2.3,911.1
UTTARAKHAND,2008.0,Actual,55.6,11.7,18.1,93.0,67.3,332.4,313.3,245.8,190.8,23.1,11.9,0.6,1363.7
SAURASHTRA & KUTCH,2008.0,Actual,0.1,0.1,0.1,0.5,0.0,96.0,150.3,115.1,231.6,5.8,0.6,7.7,607.9
COASTAL ANDHRA PRADESH,2008.0,Actual,3.2,61.6,93.8,18.5,34.9,119.8,208.5,276.2,166.8,51.6,71.4,1.2,1107.5
NAGA MANI MIZO TRIPURA,2008.0,Actual,30.7,13.8,49.6,54.9,200.8,327.4,333.3,358.6,223.7,150.2,4.7,1.2,1748.9
HIMACHAL PRADESH,2008.0,Actual,129.9,63.2,6.3,44.4,42.9,187.3,194.9,224.7,142.6,33.9,5.3,38.9,1114.2
TAMIL NADU,2008.0,Actual,11.7,29.1,164.7,31.5,53.7,51.1,73.1,126.5,70.7,242.7,298.5,50.1,1203.4
CHHATTISGARH,2008.0,Actual,6.7,9.7,22.2,11.2,9.5,236.4,280.5,305.1,215.4,10.7,1.2,0.0,1108.5
WEST RAJASTHAN,2008.0,Actual,1.6,0.2,0.8,18.2,24.7,56.1,57.1,133.3,23.0,0.4,0.4,8.3,324.1
RAYALSEEMA,2008.0,Actual,6.4,18.7,62.9,4.1,42.1,31.7,81.4,104.9,121.7,126.0,192.1,5.9,798.0
ASSAM & MEGHALAYA,2008.0,Actual,29.7,14.5,107.5,156.2,210.6,414.6,493.2,508.6,267.5,133.4,2.2,1.6,2339.7
EAST MADHYA PRADESH,2008.0,Actual,1.4,4.1,8.9,2.5,5.3,307.6,268.2,270.2,116.1,15.5,3.0,0.4,1003.2
EAST RAJASTHAN,2008.0,Actual,0.1,0.0,0.5,9.0,22.1,160.6,166.1,167.9,112.7,3.0,2.4,0.1,644.6
JAMMU & KASHMIR,2008.0,Actual,153.5,130.8,9.9,97.7,63.3,134.9,266.3,166.0,44.7,42.4,25.2,89.8,1224.5
VIDARBHA,2008.0,Actual,0.2,1.9,19.2,2.8,2.9,137.9,261.5,254.0,160.8,22.4,2.9,0.1,866.6
GANGETIC WEST BENGAL,2008.0,Actual,49.4,12.4,11.5,42.8,94.4,414.5,338.4,252.2,267.3,72.3,0.0,0.2,1555.2
EAST UTTAR PRADESH,2008.0,Actual,3.1,2.4,0.2,3.0,16.1,223.7,341.6,239.6,112.7,10.3,0.6,0.0,953.4
KERALA,2008.0,Actual,0.8,30.3,217.2,108.4,81.2,469.9,505.1,349.0,347.0,343.4,55.4,17.0,2524.5
JHARKHAND,2008.0,Actual,19.4,3.6,6.2,10.7,42.9,366.3,377.9,310.5,152.9,34.0,1.0,0.0,1325.3
TELANGANA,2008.0,Actual,0.2,18.6,108.6,15.7,4.9,132.9,183.4,391.8,146.7,24.2,7.5,0.8,1035.3
PUNJAB,2008.0,Actual,12.0,4.1,0.0,19.7,40.6,155.5,101.9,312.2,59.8,9.9,0.6,0.9,717.1
CHHATTISGARH,2009.0,Actual,1.2,0.0,2.3,1.9,11.2,45.3,455.0,247.1,104.7,43.6,42.5,1.9,956.6
JHARKHAND,2009.0,Actual,1.8,0.8,2.0,0.8,78.1,62.7,266.6,248.0,248.8,82.2,4.0,0.5,996.1
RAYALSEEMA,2009.0,Actual,0.5,0.0,5.3,8.4,47.4,68.9,33.2,128.5,155.8,69.3,135.6,35.4,688.2
NORTH INTERIOR KARNATAKA,2009.0,Actual,0.3,0.0,9.9,17.4,63.1,112.0,134.9,135.4,215.6,168.6,42.3,13.9,913.5
MADHYA MAHARASHTRA,2009.0,Actual,0.0,1.7,0.8,0.4,7.7,68.9,329.8,148.2,162.6,96.2,121.3,4.3,941.7
HIMACHAL PRADESH,2009.0,Actual,54.8,45.9,43.4,91.2,53.5,45.5,170.2,162.6,172.1,16.4,93.1,7.8,956.5
HARYANA DELHI & CHANDIGARH,2009.0,Actual,4.1,5.9,5.7,11.7,17.7,15.2,106.4,63.8,160.8,2.5,1.1,0.4,395.4
TELANGANA,2009.0,Actual,0.0,0.0,2.1,4.5,13.1,85.8,118.4,192.3,149.7,69.5,29.6,1.2,666.3
ORISSA,2009.0,Actual,1.9,0.5,2.7,1.1,68.2,87.3,586.0,286.9,162.5,105.8,27.3,0.1,1330.3
EAST MADHYA PRADESH,2009.0,Actual,14.8,1.0,1.8,2.7,3.7,35.3,317.6,191.3,208.7,68.9,79.2,19.0,943.9
COASTAL ANDHRA PRADESH,2009.0,Actual,0.0,0.0,5.7,6.4,53.0,72.6,140.9,163.5,151.9,92.6,102.6,1.3,790.5
PUNJAB,2009.0,Actual,9.4,14.4,10.5,14.0,5.6,10.6,158.0,76.8,54.7,4.0,2.7,0.4,361.2
GANGETIC WEST BENGAL,2009.0,Actual,2.4,1.4,17.9,2.6,229.0,69.7,277.6,332.7,294.6,77.3,9.4,0.3,1315.0
WEST UTTAR PRADESH,2009.0,Actual,1.3,3.9,1.2,8.7,12.8,17.1,118.3,184.5,125.4,59.3,13.9,2.8,549.2
UTTARAKHAND,2009.0,Actual,1.8,27.6,18.8,18.4,77.6,41.9,157.5,202.6,206.6,81.3,12.6,0.9,847.8
KERALA,2009.0,Actual,3.3,1.5,62.6,69.0,191.6,438.2,924.9,269.3,326.5,205.2,274.4,44.2,2810.6
ASSAM & MEGHALAYA,2009.0,Actual,7.9,11.6,44.9,134.9,246.5,321.1,426.3,533.8,192.3,135.9,9.0,4.0,2068.2
NAGA MANI MIZO TRIPURA,2009.0,Actual,0.0,3.2,27.5,93.1,209.5,271.9,295.8,380.9,271.3,158.2,26.1,0.2,1737.7
WEST RAJASTHAN,2009.0,Actual,2.9,2.8,5.3,1.6,7.6,26.1,79.1,27.1,7.5,0.3,0.1,0.1,160.4
LAKSHADWEEP,2009.0,Actual,4.7,1.5,0.1,18.1,162.1,401.2,266.4,185.0,145.1,87.4,166.2,132.3,1570.1
SOUTH INTERIOR KARNATAKA,2009.0,Actual,0.1,0.1,27.3,25.4,101.3,101.6,324.7,153.2,247.9,98.2,55.7,22.9,1158.4
COASTAL KARNATAKA,2009.0,Actual,0.4,0.0,35.2,24.5,100.7,450.3,1778.9,486.1,530.7,287.4,132.4,35.4,3862.0
EAST RAJASTHAN,2009.0,Actual,0.5,0.2,2.4,0.2,5.7,38.9,189.1,113.3,45.5,10.9,7.0,0.5,414.1
ARUNACHAL PRADESH,2009.0,Actual,18.0,92.8,72.1,132.7,189.9,259.1,329.9,370.3,152.5,82.9,33.9,15.9,1749.9
ANDAMAN & NICOBAR ISLANDS,2009.0,Actual,24.5,6.3,44.2,136.5,313.1,633.5,297.3,351.5,344.7,272.8,66.2,48.0,2538.6
BIHAR,2009.0,Actual,0.3,0.4,1.1,2.9,98.5,67.7,213.6,298.9,127.6,72.6,5.1,0.8,889.3
JAMMU & KASHMIR,2009.0,Actual,120.3,117.9,63.7,113.5,64.3,64.1,0.0,96.5,50.5,8.1,0.0,0.0,0.0
EAST UTTAR PRADESH,2009.0,Actual,0.0,1.1,0.8,0.6,22.8,29.9,149.4,177.0,139.6,80.9,4.9,3.0,610.2
TAMIL NADU,2009.0,Actual,7.9,0.0,41.0,41.4,74.8,27.0,42.1,96.9,114.4,62.1,314.7,106.2,928.5
KONKAN & GOA,2009.0,Actual,0.0,0.0,0.3,0.1,5.6,330.6,1271.2,292.9,387.5,307.4,121.0,0.0,2716.6
SUB HIMALAYAN WEST BENGAL & SIKKIM,2009.0,Actual,6.0,40.3,55.0,115.2,308.7,350.6,456.1,568.4,174.6,235.1,9.1,5.6,2324.6
SAURASHTRA & KUTCH,2009.0,Actual,0.0,0.0,0.0,0.0,0.0,68.1,409.1,106.0,8.8,3.3,1.5,0.0,596.9
WEST MADHYA PRADESH,2009.0,Actual,5.5,0.0,0.1,1.3,6.5,56.8,320.3,172.7,139.6,89.9,65.1,19.1,877.0
VIDARBHA,2009.0,Actual,0.1,0.0,0.9,2.4,5.9,78.1,310.8,175.4,90.3,41.9,63.8,1.2,770.8
MATATHWADA,2009.0,Actual,0.0,0.0,0.6,0.8,7.0,63.1,139.2,167.6,159.9,59.0,63.3,8.4,668.9
GUJARAT REGION,2009.0,Actual,0.0,0.0,0.3,0.0,0.0,17.0,390.3,143.5,54.9,27.4,8.1,0.0,641.6
TELANGANA,2010.0,Actual,10.3,5.3,1.5,5.6,24.9,127.0,395.5,308.1,249.8,98.7,40.5,9.3,1276.4
COASTAL ANDHRA PRADESH,2010.0,Actual,21.8,2.3,4.4,14.8,162.0,156.1,318.9,248.6,230.5,204.0,210.9,138.2,1712.4
GUJARAT REGION,2010.0,Actual,0.2,0.0,0.0,0.0,0.0,59.3,328.2,431.0,216.6,12.2,41.0,0.2,1088.7
SOUTH INTERIOR KARNATAKA,2010.0,Actual,7.9,1.7,5.6,71.1,94.9,129.1,235.1,228.1,150.7,129.6,183.5,2.5,1239.7
GANGETIC WEST BENGAL,2010.0,Actual,0.2,10.3,8.0,15.9,127.5,189.3,196.3,192.6,192.6,96.2,6.3,29.7,1064.8
PUNJAB,2010.0,Actual,3.8,13.8,1.9,0.7,6.0,41.8,143.8,96.7,112.8,4.7,1.1,24.4,451.5
SAURASHTRA & KUTCH,2010.0,Actual,0.1,0.0,0.0,0.0,0.1,71.1,393.8,391.3,187.6,11.6,64.3,0.0,1119.9
LAKSHADWEEP,2010.0,Actual,18.8,0.0,1.2,35.6,79.0,318.9,336.7,335.1,161.5,155.4,201.5,81.5,1725.2
COASTAL KARNATAKA,2010.0,Actual,14.4,0.4,3.5,62.2,80.2,682.7,1200.2,637.5,468.4,294.7,231.5,11.0,3686.8
MADHYA MAHARASHTRA,2010.0,Actual,2.9,0.1,0.9,2.3,5.4,185.6,280.9,233.2,165.6,77.1,73.4,0.2,1027.5
ANDAMAN & NICOBAR ISLANDS,2010.0,Actual,101.7,8.0,0.7,12.5,319.0,448.9,521.9,563.8,263.3,402.4,268.5,246.4,3157.1
EAST UTTAR PRADESH,2010.0,Actual,2.2,10.0,0.0,0.0,14.7,23.9,220.8,215.9,184.5,15.5,4.5,0.1,692.2
KERALA,2010.0,Actual,18.6,1.0,31.4,138.9,190.6,667.5,629.0,356.0,275.6,441.4,335.1,46.8,3131.8
WEST RAJASTHAN,2010.0,Actual,1.9,1.7,0.6,0.6,3.0,49.5,129.9,163.4,96.5,0.9,20.1,5.2,473.2
UTTARAKHAND,2010.0,Actual,11.4,62.1,3.8,13.8,47.0,72.7,455.8,335.7,389.7,8.0,4.5,19.5,1424.0
VIDARBHA,2010.0,Actual,14.0,1.9,7.5,0.3,1.9,144.8,454.5,384.0,238.0,51.0,37.0,3.2,1338.1
WEST MADHYA PRADESH,2010.0,Actual,2.2,5.4,0.8,0.1,0.4,62.2,258.5,291.5,136.1,13.6,4.6,0.8,776.3
EAST MADHYA PRADESH,2010.0,Actual,2.9,10.4,0.1,0.7,1.7,58.4,363.3,271.9,213.4,23.6,10.9,3.3,960.4
HARYANA DELHI & CHANDIGARH,2010.0,Actual,4.8,10.2,0.5,0.8,5.9,29.1,189.3,198.5,183.9,1.1,3.5,12.8,640.5
HIMACHAL PRADESH,2010.0,Actual,25.5,96.6,45.1,60.3,81.4,108.5,291.8,274.1,176.7,30.5,10.8,58.1,1259.4
NORTH INTERIOR KARNATAKA,2010.0,Actual,9.6,2.5,0.5,15.5,39.5,110.1,193.5,207.5,119.2,82.1,71.9,1.2,853.2
ORISSA,2010.0,Actual,8.8,1.2,5.6,7.8,93.0,146.4,304.9,282.7,236.0,133.0,35.6,37.2,1291.9
MATATHWADA,2010.0,Actual,4.3,5.8,3.9,0.7,4.6,119.7,329.5,291.4,157.3,57.7,36.8,0.0,1011.6
KONKAN & GOA,2010.0,Actual,2.7,0.0,0.0,1.5,8.2,680.8,1405.3,850.0,531.3,190.2,106.7,1.4,3778.1
SUB HIMALAYAN WEST BENGAL & SIKKIM,2010.0,Actual,5.6,19.6,77.6,176.6,335.9,558.1,593.4,461.3,308.1,66.2,7.9,2.2,2612.3
JHARKHAND,2010.0,Actual,0.2,2.3,0.9,6.3,29.2,92.6,170.2,155.1,160.5,55.1,4.7,20.0,697.1
JAMMU & KASHMIR,2010.0,Actual,30.9,142.2,34.9,63.9,128.3,67.4,137.3,253.2,65.0,25.0,13.6,36.1,997.9
ARUNACHAL PRADESH,2010.0,Actual,0.6,13.2,237.8,466.9,312.7,509.9,378.0,321.5,444.2,97.7,58.9,14.2,2855.7
EAST RAJASTHAN,2010.0,Actual,1.9,2.4,0.5,0.4,0.7,27.3,196.2,275.9,128.9,0.8,49.5,5.0,689.4
BIHAR,2010.0,Actual,0.1,1.1,0.2,6.5,44.4,80.9,191.2,158.4,105.7,33.6,5.0,2.1,629.2
TAMIL NADU,2010.0,Actual,11.8,0.2,1.9,22.9,91.9,70.0,81.4,102.9,111.1,148.1,328.6,124.5,1095.2
ASSAM & MEGHALAYA,2010.0,Actual,0.5,3.1,99.6,389.3,393.4,569.7,415.1,387.0,318.3,116.2,11.6,7.6,2711.5
WEST UTTAR PRADESH,2010.0,Actual,3.2,13.7,0.2,0.4,9.3,12.5,282.0,213.8,263.9,4.7,12.8,4.1,820.7
NAGA MANI MIZO TRIPURA,2010.0,Actual,1.0,7.9,85.8,161.5,294.0,411.6,367.5,393.2,309.8,220.2,9.2,33.5,2295.2
CHHATTISGARH,2010.0,Actual,7.9,4.9,1.0,5.9,12.6,102.6,426.8,340.3,302.5,54.3,20.2,27.6,1306.6
RAYALSEEMA,2010.0,Actual,4.7,0.8,0.6,13.0,65.4,108.3,187.6,155.0,122.9,83.4,175.1,46.7,963.5
WEST RAJASTHAN,2011.0,Actual,0.0,11.8,1.5,1.5,7.8,24.4,88.5,166.8,116.3,0.1,0.0,0.0,418.7
NAGA MANI MIZO TRIPURA,2011.0,Actual,12.6,3.6,51.4,81.1,334.9,374.2,313.3,367.6,258.3,92.6,2.4,0.2,1892.1
MADHYA MAHARASHTRA,2011.0,Actual,0.0,0.3,0.3,5.0,2.9,133.3,261.4,238.1,148.4,62.8,0.0,0.0,852.6
GANGETIC WEST BENGAL,2011.0,Actual,2.5,2.7,40.5,75.0,132.6,434.5,219.9,443.2,295.9,36.9,1.3,1.4,1686.5
BIHAR,2011.0,Actual,4.2,7.7,9.2,23.9,74.5,211.0,241.1,278.7,234.1,10.0,2.0,0.9,1097.1
COASTAL ANDHRA PRADESH,2011.0,Actual,0.0,17.9,0.9,62.3,67.9,86.8,196.0,215.8,129.7,74.6,4.9,5.0,861.9
SUB HIMALAYAN WEST BENGAL & SIKKIM,2011.0,Actual,8.5,19.9,71.2,135.0,247.8,419.8,612.3,470.3,356.3,46.7,26.7,4.3,2418.7
MATATHWADA,2011.0,Actual,0.0,3.8,0.7,3.5,3.1,79.2,230.1,228.5,90.0,24.8,0.0,0.0,663.5
TELANGANA,2011.0,Actual,0.0,11.9,2.6,25.6,9.3,83.9,268.2,225.9,107.6,13.9,4.2,0.0,753.1
PUNJAB,2011.0,Actual,3.5,35.6,8.2,17.8,18.9,162.9,120.9,193.5,140.2,0.0,1.0,2.6,705.2
JHARKHAND,2011.0,Actual,3.3,2.5,6.4,25.4,55.0,349.0,181.8,403.2,324.6,23.3,0.0,0.1,1374.7
UTTARAKHAND,2011.0,Actual,30.9,65.2,18.0,30.9,84.2,223.1,433.3,523.7,148.4,3.4,1.2,2.3,1564.7
CHHATTISGARH,2011.0,Actual,0.3,11.5,2.6,35.0,16.8,183.5,272.6,379.8,382.2,15.5,0.0,2.8,1302.7
EAST UTTAR PRADESH,2011.0,Actual,1.0,2.7,1.6,2.9,32.2,163.8,197.9,232.1,146.4,0.6,0.0,0.0,781.2
HARYANA DELHI & CHANDIGARH,2011.0,Actual,0.7,26.7,6.9,8.9,28.7,94.4,85.0,127.3,133.1,0.0,0.0,0.4,512.0
VIDARBHA,2011.0,Actual,0.0,1.2,0.1,7.7,0.6,137.9,247.1,302.8,191.0,4.7,0.0,0.0,893.2
SAURASHTRA & KUTCH,2011.0,Actual,0.0,1.4,0.0,0.0,0.0,26.0,212.7,290.9,210.1,1.2,0.1,0.0,742.5
ANDAMAN & NICOBAR ISLANDS,2011.0,Actual,265.9,84.8,272.8,111.4,326.5,383.2,583.2,441.5,757.1,212.3,150.8,238.5,3828.0
WEST UTTAR PRADESH,2011.0,Actual,2.1,10.4,3.9,2.8,29.6,175.9,215.9,232.3,101.7,0.7,0.5,1.5,777.4
COASTAL KARNATAKA,2011.0,Actual,4.8,3.8,8.7,66.1,49.3,1018.4,1080.5,861.3,545.2,178.8,81.5,10.2,3908.6
TAMIL NADU,2011.0,Actual,4.3,11.2,8.0,91.5,33.4,56.0,45.5,128.9,76.0,200.4,230.5,41.0,926.5
HIMACHAL PRADESH,2011.0,Actual,43.9,97.4,49.7,62.4,45.1,118.3,177.7,380.2,120.3,6.0,0.3,6.9,1108.3
EAST RAJASTHAN,2011.0,Actual,0.0,11.2,0.2,0.5,5.1,140.9,193.6,284.1,166.4,0.0,0.0,0.0,802.1
WEST MADHYA PRADESH,2011.0,Actual,0.0,1.7,0.1,1.8,3.6,241.5,306.7,343.3,165.0,0.2,0.0,0.0,1063.9
ASSAM & MEGHALAYA,2011.0,Actual,11.1,11.4,109.0,92.1,238.3,316.0,395.8,302.6,221.6,30.2,11.9,3.5,1743.4
NORTH INTERIOR KARNATAKA,2011.0,Actual,0.5,7.2,7.2,41.2,46.8,101.3,150.8,152.0,69.0,73.4,5.7,0.0,655.2
ORISSA,2011.0,Actual,3.7,16.2,4.9,58.2,75.6,210.1,199.6,358.6,398.7,20.2,0.1,0.4,1346.2
RAYALSEEMA,2011.0,Actual,0.8,12.1,0.0,34.6,33.0,44.5,128.9,163.6,71.2,107.5,106.9,35.1,738.0
ARUNACHAL PRADESH,2011.0,Actual,40.0,51.3,174.5,240.8,219.6,288.4,531.4,277.6,286.7,51.9,16.2,15.2,2193.7
KERALA,2011.0,Actual,20.5,45.7,24.1,165.2,124.2,788.5,536.8,492.7,391.2,227.2,169.7,49.5,3035.1
SOUTH INTERIOR KARNATAKA,2011.0,Actual,2.1,12.4,12.4,80.2,83.5,177.1,202.4,199.5,111.2,144.8,56.7,5.0,1087.4
LAKSHADWEEP,2011.0,Actual,5.1,2.8,3.1,85.9,107.2,153.6,350.2,254.0,255.2,117.4,184.3,14.9,1533.7
EAST MADHYA PRADESH,2011.0,Actual,0.6,1.9,0.3,7.1,4.7,332.5,323.6,326.9,276.5,1.1,0.0,0.0,1275.2
JAMMU & KASHMIR,2011.0,Actual,43.4,211.6,97.8,89.0,32.4,72.5,81.6,131.2,72.0,19.4,12.9,23.8,887.6
GUJARAT REGION,2011.0,Actual,0.0,0.2,0.0,0.0,0.0,16.3,259.2,451.7,162.5,0.4,0.0,0.0,890.5
KONKAN & GOA,2011.0,Actual,0.0,0.0,0.0,3.4,1.1,857.0,1384.1,987.9,468.3,120.3,3.1,0.0,3825.2
JHARKHAND,2012.0,Actual,34.6,10.3,1.5,9.6,6.6,121.1,287.2,282.4,217.6,37.8,48.6,7.6,1065.0
RAYALSEEMA,2012.0,Actual,2.7,0.0,2.5,32.7,38.8,47.0,139.7,120.0,69.5,113.7,86.6,61.9,715.0
CHHATTISGARH,2012.0,Actual,36.6,4.8,1.1,14.9,9.4,147.3,430.6,442.2,245.3,19.8,20.4,5.0,1377.4
ASSAM & MEGHALAYA,2012.0,Actual,15.2,6.9,28.8,279.1,185.8,729.7,444.3,289.2,411.6,199.4,17.1,2.3,2609.4
COASTAL ANDHRA PRADESH,2012.0,Actual,37.6,0.0,2.7,24.0,39.3,95.4,221.9,221.2,246.5,140.0,289.7,0.0,1318.4
NAGA MANI MIZO TRIPURA,2012.0,Actual,24.5,10.2,20.3,243.5,163.5,396.2,280.1,342.7,248.7,160.9,32.0,0.4,1922.9
EAST MADHYA PRADESH,2012.0,Actual,39.4,0.7,0.6,1.1,1.2,67.8,398.9,351.7,172.6,12.7,3.8,2.7,1053.1
MADHYA MAHARASHTRA,2012.0,Actual,0.0,0.0,0.0,3.0,1.4,67.9,203.0,187.8,129.5,95.2,2.2,0.0,689.8
BIHAR,2012.0,Actual,18.1,2.7,7.3,20.4,18.8,96.2,354.0,240.4,233.8,34.3,6.4,0.0,1032.4
ARUNACHAL PRADESH,2012.0,Actual,57.8,35.8,134.2,403.4,187.4,645.8,638.9,316.0,724.9,248.1,22.0,26.2,3440.3
SOUTH INTERIOR KARNATAKA,2012.0,Actual,4.6,5.5,8.1,99.0,45.6,81.8,144.7,236.5,100.6,62.8,82.6,6.2,877.8
SUB HIMALAYAN WEST BENGAL & SIKKIM,2012.0,Actual,15.3,13.9,45.5,159.8,202.4,604.2,684.5,332.7,434.7,119.4,12.5,7.4,2632.2
KONKAN & GOA,2012.0,Actual,0.0,0.0,0.0,0.6,1.1,633.0,928.5,762.5,515.3,175.1,2.3,0.0,3018.4
JAMMU & KASHMIR,2012.0,Actual,150.9,95.8,45.2,86.6,48.9,32.6,118.8,264.9,106.7,15.7,10.8,57.8,1034.7
HARYANA DELHI & CHANDIGARH,2012.0,Actual,8.2,0.2,0.1,11.8,3.8,5.3,68.1,196.6,90.7,2.4,0.6,3.5,391.4
NORTH INTERIOR KARNATAKA,2012.0,Actual,28.5,6.2,0.4,35.4,19.5,60.0,114.5,105.5,79.2,85.2,46.5,2.9,583.8
ORISSA,2012.0,Actual,50.8,3.6,0.9,34.8,21.3,169.6,324.3,417.0,242.4,66.0,72.1,3.1,1405.9
UTTARAKHAND,2012.0,Actual,38.8,11.9,28.1,39.2,9.1,46.0,387.1,419.5,220.6,4.7,3.4,15.5,1223.9
VIDARBHA,2012.0,Actual,3.1,0.1,0.0,0.6,0.2,125.5,370.5,316.2,249.4,34.9,7.3,0.0,1107.7
WEST MADHYA PRADESH,2012.0,Actual,6.2,0.0,0.0,0.9,3.1,48.2,439.2,341.2,194.3,2.1,0.0,0.0,1035.2
EAST RAJASTHAN,2012.0,Actual,1.9,0.0,0.0,3.6,9.5,11.2,170.5,365.0,131.3,0.5,0.0,0.1,693.6
HIMACHAL PRADESH,2012.0,Actual,92.3,51.3,28.4,55.9,9.4,31.1,241.5,280.6,133.1,3.1,3.2,21.8,951.6
MATATHWADA,2012.0,Actual,0.0,0.0,0.0,0.6,2.3,72.2,161.1,101.4,120.0,68.8,0.3,0.0,526.7
WEST RAJASTHAN,2012.0,Actual,0.5,0.0,0.0,9.5,10.4,5.3,40.4,166.7,92.0,1.9,0.0,0.6,327.3
ANDAMAN & NICOBAR ISLANDS,2012.0,Actual,119.9,45.6,30.9,55.8,533.9,458.2,317.3,369.6,868.9,209.7,300.5,187.3,3497.6
TELANGANA,2012.0,Actual,6.7,0.0,0.2,14.0,8.4,124.4,300.3,229.9,202.4,83.6,38.7,0.0,1008.6
COASTAL KARNATAKA,2012.0,Actual,0.0,11.4,5.1,77.0,22.9,650.9,754.6,1027.6,382.0,115.1,68.0,3.6,0.0
EAST UTTAR PRADESH,2012.0,Actual,20.3,1.2,3.4,2.8,0.2,18.5,234.2,156.0,164.4,0.7,0.3,0.7,602.7
GUJARAT REGION,2012.0,Actual,0.1,0.0,0.0,0.0,0.0,34.4,178.2,230.3,263.8,7.1,0.0,0.0,714.0
SAURASHTRA & KUTCH,2012.0,Actual,0.0,0.0,0.0,0.2,0.1,22.4,34.7,34.5,228.5,2.4,0.0,1.0,323.8
TAMIL NADU,2012.0,Actual,3.0,0.1,2.5,35.5,41.9,30.1,46.5,98.0,84.9,235.2,44.5,14.0,636.1
WEST UTTAR PRADESH,2012.0,Actual,14.5,0.1,1.4,4.7,0.3,4.0,145.1,149.1,67.8,0.5,0.1,2.0,389.6
LAKSHADWEEP,2012.0,Actual,19.2,0.1,1.6,76.8,21.2,327.0,231.5,381.2,179.8,145.9,12.4,8.8,1405.5
GANGETIC WEST BENGAL,2012.0,Actual,40.7,15.3,4.4,57.7,44.2,146.6,315.0,261.4,246.9,64.2,47.0,24.6,1268.0
PUNJAB,2012.0,Actual,62.6,3.2,1.9,31.1,1.6,11.9,120.2,135.1,112.3,2.2,0.4,11.0,493.6
KERALA,2012.0,Actual,7.4,11.0,21.0,171.1,95.3,430.3,362.6,501.6,241.1,187.5,112.9,9.4,2151.1
EAST UTTAR PRADESH,2013.0,Actual,6.1,59.6,2.7,8.7,1.1,309.7,230.0,246.1,78.2,97.4,0.5,1.1,1041.4
EAST RAJASTHAN,2013.0,Actual,1.4,21.7,0.4,3.2,1.0,90.6,319.0,278.5,88.0,30.6,1.3,0.3,836.1
COASTAL ANDHRA PRADESH,2013.0,Actual,2.0,29.6,0.2,48.0,28.2,127.5,162.4,123.1,132.0,411.5,53.1,2.8,1120.5
SAURASHTRA & KUTCH,2013.0,Actual,1.7,0.2,0.1,8.5,0.1,127.7,171.2,83.3,260.2,28.6,0.0,0.0,681.8
NORTH INTERIOR KARNATAKA,2013.0,Actual,1.2,6.1,3.0,25.4,47.4,99.4,160.7,73.9,201.0,101.0,4.2,0.1,723.2
ORISSA,2013.0,Actual,3.3,7.8,2.1,53.6,57.7,272.6,380.0,254.9,208.1,391.0,1.2,0.0,1632.4
WEST MADHYA PRADESH,2013.0,Actual,1.7,31.1,8.5,2.8,0.4,263.7,485.1,432.6,98.9,68.7,0.3,2.4,1396.3
ANDAMAN & NICOBAR ISLANDS,2013.0,Actual,67.1,37.6,43.0,46.3,509.3,777.0,564.8,336.7,473.6,455.8,354.2,92.3,3757.8
COASTAL KARNATAKA,2013.0,Actual,2.4,19.6,19.0,28.5,100.4,1153.0,1515.3,680.2,379.1,265.1,56.9,10.0,4229.4
VIDARBHA,2013.0,Actual,6.6,13.0,3.8,2.8,0.5,366.7,535.5,326.1,131.7,133.5,0.0,0.0,1520.0
MATATHWADA,2013.0,Actual,1.5,9.4,2.6,7.9,6.4,160.9,293.4,136.9,154.1,94.3,7.4,13.1,888.0
SUB HIMALAYAN WEST BENGAL & SIKKIM,2013.0,Actual,3.0,23.6,32.1,114.7,296.5,404.9,588.4,416.3,308.0,199.8,16.1,2.7,2406.1
KONKAN & GOA,2013.0,Actual,1.8,5.4,0.1,0.1,18.5,1028.3,1478.5,497.6,340.7,149.3,2.1,1.5,3524.0
GUJARAT REGION,2013.0,Actual,0.0,0.9,0.1,4.6,0.0,155.7,405.4,211.1,287.3,53.2,0.1,0.0,1118.6
TAMIL NADU,2013.0,Actual,3.9,30.9,30.0,20.3,42.0,54.6,42.7,110.7,113.5,127.9,112.3,53.2,741.9
JAMMU & KASHMIR,2013.0,Actual,52.2,136.4,41.9,47.4,47.4,80.5,125.1,219.1,41.2,34.4,13.4,20.3,859.3
GANGETIC WEST BENGAL,2013.0,Actual,2.5,10.0,4.8,45.6,195.9,233.4,263.2,401.4,254.0,353.2,0.0,0.0,1764.1
UTTARAKHAND,2013.0,Actual,73.0,188.3,22.0,24.7,18.2,488.9,413.4,359.4,111.3,29.1,3.2,3.8,1735.4
HIMACHAL PRADESH,2013.0,Actual,79.9,182.6,76.6,28.9,32.6,233.6,208.8,240.0,65.8,21.8,16.6,24.8,1211.9
SOUTH INTERIOR KARNATAKA,2013.0,Actual,0.5,10.1,11.7,34.6,95.6,176.2,307.4,151.7,191.8,103.7,24.9,2.4,1110.7
HARYANA DELHI & CHANDIGARH,2013.0,Actual,21.1,52.2,5.3,3.3,1.4,62.1,96.5,161.9,42.8,10.9,1.7,2.1,461.2
ARUNACHAL PRADESH,2013.0,Actual,18.5,40.5,115.1,175.1,335.8,290.0,329.6,230.2,316.1,164.1,13.3,14.6,2042.9
BIHAR,2013.0,Actual,5.1,22.6,0.6,32.3,89.5,183.3,182.0,213.6,143.3,197.1,0.4,0.0,1069.9
NAGA MANI MIZO TRIPURA,2013.0,Actual,0.2,5.7,19.7,60.3,348.9,206.6,255.9,291.3,241.4,125.6,0.3,1.2,1557.2
RAYALSEEMA,2013.0,Actual,1.3,30.6,11.5,26.8,38.9,73.8,95.7,110.3,163.2,169.3,38.6,2.6,762.6
PUNJAB,2013.0,Actual,9.3,50.1,11.6,3.4,3.6,120.3,117.9,217.1,24.4,16.2,6.1,6.6,586.6
EAST MADHYA PRADESH,2013.0,Actual,2.0,43.4,14.1,9.5,0.3,311.9,456.2,480.8,78.0,124.2,0.5,1.0,1521.9
ASSAM & MEGHALAYA,2013.0,Actual,1.1,9.6,44.0,112.8,346.7,286.2,367.8,289.7,229.3,126.3,1.0,2.0,1816.4
TELANGANA,2013.0,Actual,2.4,29.0,0.2,24.4,8.5,213.4,453.8,230.6,161.4,205.9,16.4,2.7,1348.7
WEST UTTAR PRADESH,2013.0,Actual,20.4,69.5,3.5,1.6,2.1,190.6,233.9,287.1,52.2,61.2,1.7,8.9,932.8
LAKSHADWEEP,2013.0,Actual,26.2,34.4,37.5,5.3,88.3,426.2,296.4,154.4,180.0,72.8,78.1,26.7,1426.3
WEST RAJASTHAN,2013.0,Actual,8.6,21.8,4.2,3.1,1.7,37.6,104.5,138.2,58.7,10.1,1.0,0.0,389.4
MADHYA MAHARASHTRA,2013.0,Actual,0.1,5.3,0.8,5.7,6.0,212.4,311.8,147.0,210.3,57.8,4.0,1.3,962.4
JHARKHAND,2013.0,Actual,1.1,17.9,1.6,22.3,85.0,181.5,211.1,278.1,173.8,281.1,0.0,0.0,1253.6
CHHATTISGARH,2013.0,Actual,2.8,19.7,4.9,45.8,5.7,263.6,418.8,336.6,140.9,180.9,0.3,0.0,1420.0
KERALA,2013.0,Actual,3.9,40.1,49.9,49.3,119.3,1042.7,830.2,369.7,318.6,259.9,154.9,17.0,3255.4
BIHAR,2014.0,Actual,17.0,33.5,8.4,0.7,103.9,115.2,265.4,307.6,160.3,47.8,0.0,1.2,1061.0
TAMIL NADU,2014.0,Actual,7.4,6.1,8.1,8.3,139.1,47.8,50.6,117.7,98.9,252.2,110.8,66.0,913.0
KONKAN & GOA,2014.0,Actual,1.3,5.3,1.8,0.7,21.3,238.2,1293.2,658.0,419.5,98.7,8.0,11.7,2757.5
GANGETIC WEST BENGAL,2014.0,Actual,0.9,42.2,19.9,1.9,124.4,193.6,298.7,292.6,229.5,56.9,0.1,0.6,1261.4
ARUNACHAL PRADESH,2014.0,Actual,19.0,101.9,80.3,86.7,299.0,415.8,392.4,599.6,343.0,35.1,20.1,10.2,2403.2
RAYALSEEMA,2014.0,Actual,0.2,0.7,12.5,5.1,46.7,66.3,68.7,115.1,81.4,104.6,37.8,12.8,551.8
EAST UTTAR PRADESH,2014.0,Actual,47.4,25.8,15.4,1.7,10.7,47.8,224.5,138.1,106.7,74.7,0.0,8.4,701.2
UTTARAKHAND,2014.0,Actual,45.9,99.9,68.4,37.6,52.9,62.9,462.7,264.2,107.9,40.8,0.0,44.3,1287.4
WEST RAJASTHAN,2014.0,Actual,0.8,2.2,4.7,8.4,23.0,13.8,94.3,69.6,84.9,0.5,0.2,0.0,302.4
ORISSA,2014.0,Actual,0.0,17.6,25.1,11.7,111.9,92.2,496.2,386.3,281.1,111.8,2.2,0.9,1536.9
KERALA,2014.0,Actual,4.6,10.3,17.9,95.7,251.0,454.4,677.8,733.9,298.8,355.5,99.5,47.2,3046.4
JAMMU & KASHMIR,2014.0,Actual,75.8,64.0,153.1,76.1,52.7,25.3,100.5,134.6,362.8,32.2,14.1,2.3,1093.4
GUJARAT REGION,2014.0,Actual,5.7,0.1,0.2,1.0,1.3,11.6,307.5,138.6,235.1,3.3,1.3,0.0,705.7
EAST MADHYA PRADESH,2014.0,Actual,32.1,49.7,17.8,5.1,2.5,91.8,283.4,231.8,139.6,56.4,1.9,12.9,924.9
HARYANA DELHI & CHANDIGARH,2014.0,Actual,13.0,17.3,26.8,7.5,20.3,25.9,72.3,34.8,67.3,10.5,0.2,9.6,305.5
HIMACHAL PRADESH,2014.0,Actual,69.6,124.9,125.2,60.6,68.9,51.7,203.6,146.7,84.6,19.3,4.5,49.3,1008.7
SUB HIMALAYAN WEST BENGAL & SIKKIM,2014.0,Actual,0.2,26.6,37.7,47.9,308.6,543.2,384.6,563.3,371.5,31.2,5.3,2.4,2322.6
JHARKHAND,2014.0,Actual,9.9,47.5,22.9,1.9,98.2,139.7,321.3,290.9,178.2,44.9,0.0,1.2,1156.6
WEST UTTAR PRADESH,2014.0,Actual,48.3,29.4,22.6,5.3,11.0,22.0,151.6,81.0,84.7,14.6,0.0,16.3,486.9
VIDARBHA,2014.0,Actual,1.2,18.3,49.6,2.6,4.0,63.3,337.6,191.7,224.9,17.3,6.2,2.3,919.1
PUNJAB,2014.0,Actual,21.8,20.1,30.3,24.5,20.8,20.6,76.3,41.9,105.8,6.0,0.7,14.1,382.7
COASTAL KARNATAKA,2014.0,Actual,0.0,0.3,1.9,40.5,181.9,507.0,1155.4,1121.0,379.3,226.4,40.0,30.8,3684.4
NORTH INTERIOR KARNATAKA,2014.0,Actual,0.0,6.1,29.2,26.4,93.0,50.4,136.8,205.2,90.2,80.3,25.0,14.1,756.8
EAST RAJASTHAN,2014.0,Actual,28.4,10.0,6.4,7.3,8.4,23.5,197.1,261.0,136.9,3.2,0.0,1.1,683.3
ANDAMAN & NICOBAR ISLANDS,2014.0,Actual,41.9,8.6,0.0,11.1,238.0,416.6,467.6,321.6,412.9,402.6,201.2,100.4,2622.4
CHHATTISGARH,2014.0,Actual,2.3,29.0,21.4,17.3,25.0,104.9,416.7,327.7,252.7,77.9,2.6,1.1,1278.7
WEST MADHYA PRADESH,2014.0,Actual,25.6,34.4,4.6,1.4,1.4,30.6,337.4,211.0,192.6,7.0,3.0,15.8,864.9
TELANGANA,2014.0,Actual,0.2,2.9,58.3,10.3,73.3,62.3,146.0,205.2,146.8,29.6,10.8,0.7,746.4
MATATHWADA,2014.0,Actual,1.4,13.4,79.0,11.9,7.0,30.4,105.0,178.9,84.5,14.2,19.9,3.3,548.9
SOUTH INTERIOR KARNATAKA,2014.0,Actual,0.4,2.4,17.7,46.7,130.5,106.8,271.6,254.6,161.6,152.9,20.2,18.7,1184.2
MADHYA MAHARASHTRA,2014.0,Actual,3.1,6.2,24.4,7.5,29.8,44.0,277.9,240.3,120.4,38.5,32.8,13.1,838.0
COASTAL ANDHRA PRADESH,2014.0,Actual,0.4,1.2,9.1,6.0,112.9,45.7,151.8,177.8,144.5,195.6,23.7,6.4,874.9
NAGA MANI MIZO TRIPURA,2014.0,Actual,1.2,21.0,25.4,49.6,192.5,268.3,295.7,372.3,300.9,69.6,3.3,0.1,1599.9
SAURASHTRA & KUTCH,2014.0,Actual,0.3,0.0,0.1,0.5,2.1,17.3,137.7,118.8,99.2,5.2,2.7,0.0,383.9
LAKSHADWEEP,2014.0,Actual,53.2,16.1,4.4,14.9,57.4,244.1,116.1,466.1,132.2,169.2,59.0,62.3,1395.0
ASSAM & MEGHALAYA,2014.0,Actual,2.0,28.3,29.3,51.5,351.1,426.4,374.4,484.6,420.2,35.0,3.0,0.4,2206.1
WEST UTTAR PRADESH,2015.0,Actual,31.6,7.2,66.8,21.0,8.1,72.0,194.2,143.5,26.5,6.9,2.0,3.0,582.7
MATATHWADA,2015.0,Actual,10.1,1.6,32.0,39.6,12.3,118.3,27.4,112.2,154.3,19.5,4.8,0.0,532.2
MADHYA MAHARASHTRA,2015.0,Actual,1.4,0.8,41.2,9.6,24.4,177.0,111.7,67.2,146.6,48.3,16.2,0.1,644.5
TAMIL NADU,2015.0,Actual,8.3,2.3,21.7,108.8,112.4,62.4,43.5,81.6,98.4,132.6,379.8,152.8,1204.6
KONKAN & GOA,2015.0,Actual,2.7,0.0,36.8,3.6,11.3,764.0,526.5,377.3,240.9,91.4,27.3,0.0,2082.0
ARUNACHAL PRADESH,2015.0,Actual,30.8,47.5,97.5,287.1,238.9,637.9,329.3,595.5,374.2,65.2,33.8,29.8,2767.5
KERALA,2015.0,Actual,3.1,5.8,50.1,214.1,201.8,563.6,406.0,252.2,292.9,308.1,223.6,79.4,2600.6
LAKSHADWEEP,2015.0,Actual,2.2,0.5,3.7,87.1,133.1,296.6,257.5,146.4,160.4,165.4,231.0,159.0,1642.9
SUB HIMALAYAN WEST BENGAL & SIKKIM,2015.0,Actual,15.7,15.0,64.8,149.0,304.6,508.2,393.3,626.6,354.9,53.6,23.8,9.0,2518.6
NAGA MANI MIZO TRIPURA,2015.0,Actual,14.4,14.2,21.6,253.5,198.3,283.9,413.6,334.2,255.9,118.7,3.9,10.0,1922.4
SAURASHTRA & KUTCH,2015.0,Actual,0.9,0.0,4.4,2.1,0.8,112.6,226.7,10.6,79.9,3.3,0.3,0.0,441.7
ANDAMAN & NICOBAR ISLANDS,2015.0,Actual,126.8,7.6,3.1,138.2,331.9,346.4,328.9,480.0,523.3,252.1,236.3,129.9,2904.6
RAYALSEEMA,2015.0,Actual,1.9,0.0,13.4,73.4,39.7,73.0,43.1,123.6,136.3,106.7,383.8,52.2,1047.1
PUNJAB,2015.0,Actual,17.7,31.3,68.5,29.8,16.7,48.3,130.2,88.6,69.2,9.0,0.8,0.7,510.8
ORISSA,2015.0,Actual,15.1,3.3,10.5,67.6,32.6,238.6,294.8,264.0,237.0,24.7,6.2,15.6,1210.1
SOUTH INTERIOR KARNATAKA,2015.0,Actual,1.7,0.2,24.4,80.5,125.3,218.7,112.0,136.6,164.5,106.1,138.1,4.4,1112.5
NORTH INTERIOR KARNATAKA,2015.0,Actual,2.4,0.0,27.5,50.8,45.3,89.6,38.5,78.4,150.8,61.2,5.7,1.7,551.9
TELANGANA,2015.0,Actual,17.5,0.0,43.0,65.7,23.3,266.9,104.4,160.5,158.3,15.6,0.3,1.7,857.3
EAST RAJASTHAN,2015.0,Actual,12.1,0.1,55.9,15.9,3.5,96.4,297.6,142.8,20.1,5.0,0.5,0.8,650.7
WEST MADHYA PRADESH,2015.0,Actual,40.2,6.4,53.5,13.3,2.0,154.1,428.2,276.6,55.6,11.0,0.3,1.0,1042.3
ASSAM & MEGHALAYA,2015.0,Actual,13.4,15.5,37.5,250.9,332.5,558.5,300.1,590.9,279.9,62.6,14.0,15.2,2470.9
EAST MADHYA PRADESH,2015.0,Actual,37.3,11.0,73.4,25.8,6.3,139.2,262.2,272.1,71.6,38.2,1.2,0.9,939.2
COASTAL KARNATAKA,2015.0,Actual,1.4,1.0,32.3,72.2,150.3,735.3,930.9,575.2,260.3,208.5,124.2,14.3,3106.0
COASTAL ANDHRA PRADESH,2015.0,Actual,2.0,0.6,5.5,32.3,34.1,283.8,116.0,192.0,201.8,59.7,81.2,2.0,1010.9
WEST RAJASTHAN,2015.0,Actual,1.4,0.9,30.3,25.2,15.5,53.2,234.6,60.5,35.7,1.1,0.1,0.0,458.4
CHHATTISGARH,2015.0,Actual,15.8,1.2,21.2,37.0,13.0,257.6,248.6,286.6,216.9,17.7,0.6,1.5,1117.6
BIHAR,2015.0,Actual,12.8,1.8,27.2,38.7,39.5,122.1,231.5,287.0,101.7,10.4,0.0,0.0,872.7
JHARKHAND,2015.0,Actual,12.2,2.6,21.6,55.5,25.5,183.3,429.7,240.7,85.1,22.7,0.2,2.7,1081.8
JAMMU & KASHMIR,2015.0,Actual,27.9,187.2,341.4,173.3,64.6,121.4,233.2,129.2,130.2,87.1,38.1,39.3,1572.8
HIMACHAL PRADESH,2015.0,Actual,67.2,156.6,192.5,84.9,45.0,85.8,249.9,195.9,75.5,17.7,14.5,25.0,1210.5
UTTARAKHAND,2015.0,Actual,54.5,62.6,127.3,57.3,38.0,186.6,337.0,305.3,52.6,16.8,2.4,7.2,1247.6
HARYANA DELHI & CHANDIGARH,2015.0,Actual,12.4,6.6,71.8,34.8,8.4,43.7,130.3,89.2,32.1,3.7,2.3,0.2,435.3
GUJARAT REGION,2015.0,Actual,1.8,0.0,6.1,5.5,0.9,120.7,354.7,37.4,93.4,2.2,0.3,0.0,622.9
GANGETIC WEST BENGAL,2015.0,Actual,12.9,5.5,19.3,88.7,57.6,247.2,633.1,260.6,164.0,32.7,2.3,6.3,1530.3
VIDARBHA,2015.0,Actual,26.3,4.7,66.3,28.1,12.8,254.6,137.2,288.9,167.5,7.0,0.0,0.2,993.8
EAST UTTAR PRADESH,2015.0,Actual,30.0,4.1,48.2,23.2,8.6,95.3,179.0,175.8,21.9,11.8,0.5,4.9,603.3
